precinct_code,Blackshear DEM Willis Jr. E.,REP McGuire Charlotte,Total Votes Cast,Overvotes,Undervotes,Contest Total,Lounsbury DEM Rose,REP Andrea White
CV-A,327,272,,,,,,
CV-B,355,472,,,,,,
CV-C,204,329,,,,,,
CV-D,273,319,,,,,,
CV-E,302,481,,,,,,
CV-F,360,514,,,,,,
CV-G,411,524,,,,,,
CV-H,400,549,,,,,,
CV-I,363,677,,,,,,
CV-J,316,551,,,,,,
CV-K,356,518,,,,,,
CV-L,393,577,,,,,,
CV-M,319,499,,,,,,
CV-N,309,420,,,,,,
CV-O,439,587,,,,,,
CV-P,387,515,,,,,,
CV-Q,365,451,,,,,,
CV-R,378,446,,,,,,
DAY 1-A,123,68,,,,,,
DAY 1-B,518,185,703,0,36,739,518,185
DAY 1-C,384,120,360,0,25,385,269,91
DAY 1-D,245,79,,,,,,
DAY 1-E,466,150,,,,,,
DAY 2-A,180,227,411,0,32,443,193,218
DAY 2-B,326,159,490,0,21,511,329,161
DAY 2-C,272,226,491,0,48,539,273,218
DAY 2-D,170,191,360,0,30,390,180,180
DAY 3-A,111,138,,,,,,
DAY 3-B,163,191,,,,,,
DAY 3-C,394,455,850,0,51,901,404,446
DAY 3-D,244,220,,,,,,
DAY 3-E,120,133,253,0,24,277,117,136
DAY 3-F,366,322,,,,,,
DAY 3-G,152,297,,,,,,
DAY 3-H,183,278,461,0,38,499,186,275
DAY 3-I,432,356,790,0,56,846,442,348
DAY 3-J,332,339,669,0,50,719,338,331
DAY 3-K,442,410,851,0,43,894,442,409
DAY 3-L,332,450,774,0,45,819,348,426
DAY 4-A,377,120,,,,,,
DAY 4-B,291,91,,,,,,
DAY 4-C,296,107,,,,,,
DAY 5-A,305,38,,,,,,
DAY 5-B,302,64,,,,,,
DAY 5-C,249,50,,,,,,
DAY 5-D,369,59,,,,,,
DAY 6-A,383,36,,,,,,
DAY 6-B,373,41,,,,,,
DAY 6-C,348,31,,,,,,
DAY 7-A,328,33,,,,,,
DAY 7-B,260,31,,,,,,
DAY 8-A,349,305,,,,,,
DAY 8-B,409,242,,,,,,
DAY 8-C,396,256,,,,,,
DAY 8-D,367,267,,,,,,
DAY 9-A,456,362,,,,,,
DAY 9-B,419,334,,,,,,
DAY 9-C,450,369,,,,,,
DAY 9-D,320,311,,,,,,
DAY 10-A,290,267,,,,,,
DAY 10-B,208,259,472,0,32,504,207,265
DAY 10-C,246,206,,,,,,
DAY 10-D,261,314,,,,,,
DAY 10-E,246,255,,,,,,
DAY 11-A,197,169,365,0,17,382,195,170
DAY 11-B,179,218,403,0,28,431,198,205
DAY 11-C,228,182,408,0,25,433,239,169
DAY 11-D,233,322,559,0,35,594,242,317
DAY 11-E,194,250,442,0,23,465,196,246
DAY 12-A,344,303,,,,,,
DAY 12-B,320,115,432,0,26,458,311,121
DAY 12-C,253,254,,,,,,
DAY 12-D,206,165,,,,,,
DAY 13-A,367,39,,,,,,
DAY 13-B,225,25,,,,,,
DAY 14-A,411,79,,,,,,
DAY 14-B,167,27,,,,,,
DAY 14-C,249,39,,,,,,
DAY 14-D,483,59,,,,,,
DAY 15-A,393,54,,,,,,
DAY 15-B,462,51,,,,,,
DAY 15-C,330,30,,,,,,
DAY 15-D,362,53,,,,,,
DAY 16-A,384,50,,,,,,
DAY 16-B,298,33,,,,,,
DAY 16-C,336,50,,,,,,
DAY 16-D,641,92,,,,,,
DAY 16-E,390,47,,,,,,
DAY 17-A,266,72,,,,,,
DAY 17-B,333,101,,,,,,
DAY 17-C,404,67,,,,,,
DAY 17-D,245,54,,,,,,
DAY 18-A,275,47,,,,,,
DAY 18-B,446,98,,,,,,
DAY 18-C,309,85,,,,,,
DAY 18-D,291,94,,,,,,
DAY 19-A,179,13,,,,,,
DAY 19-B,425,45,,,,,,
DAY 19-C,343,36,,,,,,
DAY 20-A,325,440,,,,,,
DAY 20-B,368,445,,,,,,
DAY 20-C,217,328,,,,,,
DAY 20-D,220,358,,,,,,
DAY 21-A,311,46,,,,,,
DAY 21-B,312,40,,,,,,
DAY 21-C,490,63,,,,,,
DAY 22-A,590,107,,,,,,
DAY 22-B,460,75,,,,,,
DAY 22-C,732,53,,,,,,
DAY 23-A,400,127,530,0,26,556,414,116
JEFTWP-A,444,454,,,,,,
JEFTWP-B,327,196,,,,,,
JEFTWP-C,237,424,,,,,,
JEFTWP-D,595,69,,,,,,
KT 1-A,341,274,623,0,34,657,339,284
KT 1-B,210,396,614,0,38,652,224,390
KT 1-C,321,489,822,0,52,874,322,500
KT 1-D,367,421,793,0,50,843,376,417
KT 1-E,263,374,639,0,43,682,269,370
KT 1-F,266,364,632,0,35,667,260,372
KT 1-G,283,380,673,1,35,709,281,392
KT 1-H,373,486,873,0,39,912,387,486
KT 1-I,330,399,743,0,40,783,326,417
KT 2-A,323,391,727,1,38,766,337,390
KT 2-B,302,393,706,0,33,739,292,414
KT 2-C,331,413,753,0,40,793,339,414
KT 2-D,387,432,826,0,47,873,387,439
KT 2-E,295,461,764,0,45,809,289,475
KT 2-F,260,362,627,0,37,664,252,375
KT 2-G,352,613,987,0,43,"1,030",365,622
KT 2-H,349,465,829,0,44,873,337,492
KT 2-I,258,367,637,0,23,660,269,368
KT 2-J,269,251,528,0,26,554,277,251
KT 3-A,367,412,792,0,36,828,377,415
KT 3-B,430,353,788,0,25,813,418,370
KT 3-C,280,470,757,0,35,792,281,476
KT 3-D,401,257,662,0,40,702,399,263
KT 3-E,361,442,812,0,34,846,350,462
KT 3-F,308,327,647,0,37,684,307,340
KT 3-G,269,381,661,0,18,679,280,381
KT 3-H,351,407,774,0,33,807,359,415
KT 3-I,266,388,669,0,19,688,252,417
KT 3-J,298,344,652,0,19,671,288,364
KT 3-K,406,485,903,0,43,946,389,514
KT 4-A,482,397,892,0,30,922,492,400
KT 4-B,539,342,893,0,46,939,548,345
KT 4-C,230,296,541,0,22,563,226,315
KT 4-D,396,377,785,0,29,814,392,393
KT 4-E,332,356,702,0,29,731,324,378
KT 4-F,383,350,744,0,26,770,376,368
KT 4-G,418,522,962,0,34,996,404,558
KT 4-H,286,354,638,0,41,679,284,354
KT 4-I,440,361,817,0,31,848,437,380
KT 4-J,413,304,734,1,31,766,428,306
KT 4-K,364,382,759,0,32,791,367,392
MIATWP-A,302,446,,,,,,
MIATWP-B,297,362,,,,,,
MIATWP-C,166,621,,,,,,
MIATWP-D,303,321,,,,,,
MIATWP-E,325,602,,,,,,
MIATWP-F,338,370,,,,,,
MIATWP-G,233,408,,,,,,
MIATWP-H,277,379,,,,,,
MIATWP-I,202,203,,,,,,
MIATWP-J,138,520,,,,,,
MIATWP-K,327,556,,,,,,
MIATWP-L,244,332,,,,,,
MIATWP-M,270,401,,,,,,
MIATWP-N,294,471,,,,,,
MIATWP-O,264,446,,,,,,
MIATWP-P,267,236,,,,,,
MIATWP-Q,354,398,,,,,,
MIATWP-R,181,218,,,,,,
MIATWP-S,217,492,,,,,,
MIATWP-T,218,360,,,,,,
MIATWP-U,263,308,,,,,,
MIATWP-V,234,446,,,,,,
MOR 1-A,131,303,,,,,,
MOR 2-A,285,503,,,,,,
MOR 3-A,150,344,,,,,,
MOR 4-A,194,237,,,,,,
MOR 4-B,220,141,,,,,,
OAK-A,470,328,811,0,22,833,488,323
OAK-B,442,350,808,0,19,827,442,366
OAK-C,408,234,652,0,29,681,431,221
OAK-D,408,243,665,0,19,684,430,235
OAK-E,467,214,689,0,13,702,472,217
OAK-F,552,287,856,0,13,869,577,279
OAK-G,409,307,730,0,24,754,419,311
OAK-H,306,268,587,0,23,610,313,274
PM,230,274,500,0,27,527,238,262
RV-A,238,414,645,0,25,670,222,423
RV-B,173,351,524,0,36,560,166,358
RV-C,300,356,655,0,53,708,299,356
RV-D,201,483,686,0,42,728,209,477
RV-E,158,424,578,0,42,620,157,421
RV-F,248,319,568,0,33,601,245,323
RV-G,175,333,507,0,32,539,182,325
RV-H,115,217,332,0,30,362,119,213
RV-I,160,322,493,0,33,526,169,324
RV-J,162,317,487,0,25,512,159,328
RV-K,285,367,657,0,34,691,279,378
RV-L,110,285,396,0,25,421,111,285
RV-M,258,413,669,0,47,716,263,406
RV-N,194,296,480,0,42,522,178,302
RV-O,249,427,681,0,36,717,257,424
RV-P,284,429,707,1,49,757,288,419
TR 1-A,482,220,,,,,,
TR 1-B,262,125,,,,,,
TR 1-C,454,51,,,,,,
TR 1-D,364,56,,,,,,
TR 1-E,618,81,,,,,,
TR 2-A,499,92,,,,,,
TR 2-B,576,105,,,,,,
TR 2-C,422,66,,,,,,
TR 2-D,281,125,,,,,,
TR 2-E,432,58,,,,,,
TR 3-A,292,152,,,,,,
TR 3-B,240,337,,,,,,
TR 3-C,260,177,,,,,,
TR 3-D,517,128,,,,,,
TR 4-A,569,83,,,,,,
TR 4-B,454,76,,,,,,
TR 4-C,343,85,,,,,,
TR 4-D,375,72,,,,,,
WASTWP-A,252,477,,,,,,
WASTWP-B,404,630,,,,,,
WASTWP-C,346,507,,,,,,
WASTWP-D,252,377,,,,,,
WASTWP-E,368,514,,,,,,
WASTWP-F,222,334,,,,,,
WASTWP-G,404,540,,,,,,
WASTWP-H,301,458,,,,,,
WASTWP-I,314,328,,,,,,
WASTWP-J,362,457,,,,,,
WASTWP-K,291,502,,,,,,
WASTWP-L,321,359,,,,,,
WASTWP-M,334,552,,,,,,
WASTWP-N,414,392,,,,,,
WASTWP-O,366,465,,,,,,
WASTWP-P,377,562,,,,,,
WASTWP-Q,419,497,,,,,,
WASTWP-R,279,399,,,,,,
WASTWP-S,273,431,,,,,,
WASTWP-T,364,337,,,,,,
WASTWP-U,337,507,,,,,,
WASTWP-V,319,469,,,,,,
WASTWP-W,267,292,,,,,,
WASTWP-X,268,403,,,,,,
WASTWP-Y,454,588,,,,,,
WASTWP-Z,296,426,,,,,,
WASTWP-AA,313,465,,,,,,
WASTWP-BB,267,312,,,,,,
WASTWP-CC,391,569,,,,,,
WCR-A,234,417,,,,,,
WCR-B,229,451,,,,,,
WCR-C,209,491,,,,,,
WCR-D,229,470,,,,,,
WCR-E,270,195,,,,,,
WCR-F,243,292,,,,,,
WCR-G,316,396,,,,,,
WCR-H,206,460,,,,,,
WCR-I,312,184,,,,,,
