precinct_code,Benson-Taylor DEM Stacey,Kennedy REP Lori,Total Votes Cast,Overvotes,Undervotes,Contest Total,Mohamed Hamdani DEM Al-,McManus REP John
BRK-A,252,591,849,0,74,923,182,667
BRK-B,156,487,655,1,43,699,130,525
BRK-C,199,623,839,0,72,911,144,695
BRK-D,140,569,723,0,61,784,117,606
BTLTWP-A,213,558,775,0,54,829,175,600
BTLTWP-B,228,451,689,0,38,727,191,498
BTLTWP-C,279,591,877,0,48,925,227,650
BTLTWP-D,288,515,807,0,54,861,238,569
BTLTWP-E,196,374,575,0,22,597,152,423
BTLTWP-F,225,412,638,1,48,687,176,462
BTLTWP-G,212,271,488,0,33,521,191,297
CLATWP-A,117,442,567,0,30,597,96,471
CLATWP-B,103,469,577,0,43,620,88,489
CLATWP-C,135,711,868,0,63,931,101,767
CTN 1-A,144,415,569,1,38,608,110,459
CTN 1-B,348,307,656,0,37,693,302,354
CTN 1-C,344,503,857,0,84,941,313,544
CTN 1-D,338,230,573,0,26,599,295,278
CTN 2-A,297,303,605,0,50,655,272,333
CTN 2-B,447,367,812,0,46,858,384,428
CTN 2-C,509,319,831,0,66,897,440,391
CTN 3-A,448,361,814,0,49,863,403,411
CTN 3-B,418,356,775,0,53,828,365,410
CTN 3-C,430,270,696,0,42,738,388,308
CV-A,328,261,587,0,51,638,296,291
CV-B,366,443,817,0,64,881,317,500
CV-C,203,316,526,0,39,565,173,353
CV-D,279,295,577,0,72,649,246,331
CV-E,305,447,757,0,62,819,244,513
CV-F,364,492,863,0,73,936,304,559
CV-G,418,513,939,0,66,"1,005",350,589
CV-H,406,523,924,0,85,"1,009",316,608
CV-I,374,637,"1,016",0,75,"1,091",305,711
CV-J,316,514,833,0,82,915,270,563
CV-K,367,471,856,0,87,943,305,551
CV-L,391,555,953,1,78,"1,032",340,613
CV-M,341,461,808,0,55,863,274,534
CV-N,311,386,714,0,68,782,264,450
CV-O,436,569,"1,019",0,87,"1,106",369,650
CV-P,387,489,886,0,78,964,326,560
CV-Q,356,426,793,0,88,881,312,481
CV-R,377,427,811,0,70,881,338,473
DAY 1-A,123,58,183,0,30,213,104,79
DAY 1-B,511,178,685,0,54,739,464,221
DAY 1-C,378,106,482,0,40,522,350,132
DAY 1-D,239,76,322,0,11,333,213,109
DAY 1-E,463,138,601,0,40,641,405,196
DAY 2-A,185,219,401,0,42,443,155,246
DAY 2-B,323,152,478,0,33,511,297,181
DAY 2-C,271,215,492,0,47,539,252,240
DAY 2-D,180,177,362,0,28,390,166,196
DAY 3-A,108,135,245,0,26,271,99,146
DAY 3-B,163,185,348,0,40,388,143,205
DAY 3-C,404,427,840,0,61,901,356,484
DAY 3-D,250,202,456,0,43,499,223,233
DAY 3-E,119,128,253,0,24,277,107,146
DAY 3-F,370,306,685,0,44,729,324,361
DAY 3-G,159,271,439,0,45,484,132,307
DAY 3-H,190,256,459,0,40,499,158,301
DAY 3-I,438,333,773,0,73,846,389,384
DAY 3-J,342,315,661,0,58,719,307,354
DAY 3-K,424,401,828,0,66,894,403,425
DAY 3-L,342,419,766,0,53,819,301,465
DAY 4-A,398,94,490,0,23,513,364,126
DAY 4-B,297,78,377,0,21,398,276,101
DAY 4-C,305,91,392,1,36,429,261,131
DAY 5-A,309,25,330,0,37,367,293,37
DAY 5-B,309,43,354,0,31,385,285,69
DAY 5-C,252,38,290,0,31,321,229,61
DAY 5-D,384,35,414,0,29,443,359,55
DAY 6-A,388,24,409,0,37,446,363,46
DAY 6-B,382,28,404,0,30,434,351,53
DAY 6-C,352,16,360,0,28,388,329,31
DAY 7-A,325,22,344,0,36,380,311,33
DAY 7-B,263,24,283,0,16,299,245,38
DAY 8-A,352,282,642,0,62,704,310,332
DAY 8-B,399,229,630,0,47,677,362,268
DAY 8-C,389,248,641,0,51,692,356,285
DAY 8-D,366,251,621,0,55,676,334,287
DAY 9-A,448,339,789,0,69,858,371,418
DAY 9-B,415,309,728,0,68,796,380,348
DAY 9-C,437,348,796,1,69,866,379,417
DAY 9-D,321,293,620,0,50,670,290,330
DAY 10-A,291,249,541,0,50,591,256,285
DAY 10-B,212,243,459,0,45,504,190,269
DAY 10-C,250,195,449,0,31,480,227,222
DAY 10-D,272,289,562,0,53,615,242,320
DAY 10-E,253,230,485,0,48,533,224,261
DAY 11-A,196,150,350,0,32,382,175,175
DAY 11-B,188,202,389,0,42,431,166,223
DAY 11-C,241,161,402,0,31,433,215,187
DAY 11-D,239,302,543,0,51,594,205,338
DAY 11-E,199,227,425,0,40,465,168,257
DAY 12-A,343,291,644,0,47,691,301,343
DAY 12-B,302,117,425,0,33,458,282,143
DAY 12-C,264,227,493,0,38,531,230,263
DAY 12-D,203,153,358,0,47,405,179,179
DAY 13-A,368,27,385,0,41,426,331,54
DAY 13-B,228,19,243,0,24,267,213,30
DAY 14-A,424,53,479,0,35,514,390,89
DAY 14-B,174,18,190,0,15,205,160,30
DAY 14-C,250,29,275,0,27,302,236,39
DAY 14-D,494,37,525,0,34,559,472,53
DAY 15-A,408,29,426,0,47,473,370,56
DAY 15-B,473,24,495,0,41,536,446,49
DAY 15-C,330,19,350,0,29,379,317,33
DAY 15-D,381,29,404,0,44,448,369,35
DAY 16-A,386,40,427,0,27,454,363,64
DAY 16-B,298,26,326,0,24,350,291,35
DAY 16-C,345,36,373,0,26,399,323,50
DAY 16-D,673,47,718,0,34,752,642,76
DAY 16-E,405,23,423,0,28,451,369,54
DAY 17-A,274,54,324,0,23,347,253,71
DAY 17-B,341,89,433,0,33,466,334,99
DAY 17-C,410,62,464,0,31,495,384,80
DAY 17-D,242,47,290,0,23,313,234,56
DAY 18-A,280,31,312,0,25,337,262,50
DAY 18-B,446,87,536,0,35,571,417,119
DAY 18-C,317,63,375,0,40,415,295,80
DAY 18-D,295,90,392,0,15,407,282,110
DAY 19-A,185,6,190,0,12,202,170,20
DAY 19-B,429,27,452,0,41,493,401,51
DAY 19-C,355,18,364,0,28,392,331,33
DAY 20-A,335,405,755,0,58,813,285,470
DAY 20-B,390,398,803,0,71,874,323,480
DAY 20-C,217,313,531,0,42,573,177,354
DAY 20-D,225,335,570,0,50,620,205,365
DAY 21-A,318,37,350,0,24,374,301,49
DAY 21-B,325,24,351,0,21,372,314,37
DAY 21-C,500,41,530,0,43,573,470,60
DAY 22-A,611,73,685,0,35,720,578,107
DAY 22-B,460,54,508,0,48,556,422,86
DAY 22-C,732,35,759,0,53,812,680,79
DAY 23-A,407,101,505,0,51,556,364,141
ENG-A,399,366,768,0,65,833,353,415
ENG-B,305,415,720,0,55,775,243,477
ENG-C,371,303,684,0,53,737,342,342
ENG-D,357,480,840,0,45,885,300,540
ENG-E,452,352,799,1,52,852,411,388
ENG-F,258,400,665,0,33,698,228,437
ENG-G,341,409,763,0,54,817,287,476
ENG-H,270,324,590,0,39,629,232,358
ENG-I,281,272,556,0,30,586,243,313
ENG-J,371,299,677,1,37,715,330,347
FARM,110,392,506,0,51,557,90,416
GERTWP-A,161,758,929,0,48,977,141,788
GERTWP-B,172,695,889,0,62,951,140,749
GTN-A,222,510,735,0,65,800,195,540
GTN-B,204,491,698,0,49,747,169,529
GTN-C,169,530,710,0,59,769,151,559
GTN-D,176,580,767,0,65,832,163,604
HARTWP-A,125,263,396,0,37,433,93,303
HARTWP-B,163,325,489,0,51,540,127,362
HARTWP-C,192,319,519,0,46,565,171,348
HARTWP-D,504,249,749,0,49,798,453,296
HARTWP-E,108,212,320,0,23,343,99,221
HARTWP-F,261,48,307,0,14,321,239,68
HARTWP-G,414,98,504,0,41,545,364,140
HARTWP-H,466,76,548,0,34,582,435,113
HARTWP-I,393,121,515,0,31,546,368,147
HARTWP-J,436,71,504,1,30,535,402,102
HARTWP-K,406,91,493,0,38,531,370,123
HARTWP-L,527,195,728,0,34,762,483,245
HARTWP-M,731,83,808,0,46,854,670,138
HARTWP-N,158,303,464,0,41,505,122,342
HARTWP-O,551,149,695,1,49,745,507,188
HUB 1-A,292,464,764,0,52,816,261,503
HUB 1-B,440,476,921,0,50,971,370,551
HUB 1-C,407,270,676,0,60,736,363,313
HUB 1-D,347,487,841,0,63,904,306,535
HUB 2-A,346,424,773,0,59,832,315,458
HUB 2-B,338,487,824,0,61,885,287,537
HUB 3-A,241,349,592,0,38,630,208,384
HUB 3-B,328,213,546,0,34,580,307,239
HUB 3-C,231,311,550,0,40,590,198,352
HUB 3-D,299,485,784,0,62,846,254,530
HUB 3-E,316,286,604,0,46,650,288,316
HUB 4-A,311,425,735,0,69,804,265,470
HUB 4-B,272,410,691,0,64,755,232,459
HUB 4-C,369,395,769,0,68,837,320,449
HUB 4-D,384,369,754,0,42,796,350,404
HUB 5-A,294,395,696,0,48,744,248,448
HUB 5-B,348,346,690,0,56,746,308,382
HUB 5-C,312,383,692,1,56,749,263,429
HUB 5-D,318,399,716,0,55,771,274,442
HUB 6-A,269,329,597,0,41,638,217,380
HUB 6-B,314,483,807,0,58,865,272,535
HUB 6-C,335,405,739,2,67,808,275,464
HUB 6-D,262,450,716,0,45,761,209,507
JAKTWP-A,156,721,897,1,61,959,133,764
JAKTWP-B,114,489,614,0,58,672,82,532
JEFTWP-A,463,423,880,0,59,939,408,472
JEFTWP-B,342,167,508,0,42,550,317,191
JEFTWP-C,241,401,646,0,48,694,213,433
JEFTWP-D,608,40,645,0,38,683,570,75
JNLB-A,96,324,433,0,46,479,80,353
JNLB-B,160,515,689,0,58,747,128,561
KT 1-A,332,274,607,0,50,657,307,300
KT 1-B,218,384,601,0,51,652,189,412
KT 1-C,321,471,807,0,67,874,276,531
KT 1-D,372,394,769,0,74,843,338,431
KT 1-E,257,359,631,0,51,682,237,394
KT 1-F,256,353,615,0,52,667,240,375
KT 1-G,286,357,642,0,67,709,242,400
KT 1-H,380,456,845,0,67,912,340,505
KT 1-I,335,386,722,0,61,783,282,440
KT 2-A,323,366,691,0,75,766,277,414
KT 2-B,307,369,691,0,48,739,256,435
KT 2-C,339,380,729,0,64,793,289,440
KT 2-D,381,415,806,0,67,873,335,471
KT 2-E,296,438,745,0,64,809,239,506
KT 2-F,247,350,611,0,53,664,225,386
KT 2-G,364,579,959,0,71,"1,030",302,657
KT 2-H,354,438,800,0,73,873,304,496
KT 2-I,269,341,616,0,44,660,239,377
KT 2-J,264,241,514,0,40,554,236,278
KT 3-A,379,386,770,0,58,828,330,440
KT 3-B,423,341,760,0,53,813,364,396
KT 3-C,293,439,741,0,51,792,241,500
KT 3-D,400,239,634,0,68,702,370,264
KT 3-E,354,428,792,0,54,846,305,487
KT 3-F,303,312,618,0,66,684,273,345
KT 3-G,279,356,647,0,32,679,246,401
KT 3-H,351,399,751,0,56,807,314,437
KT 3-I,259,383,643,0,45,688,220,423
KT 3-J,283,339,632,0,39,671,249,383
KT 3-K,410,462,884,0,62,946,335,549
KT 4-A,473,379,870,0,52,922,410,460
KT 4-B,556,300,863,0,76,939,499,364
KT 4-C,222,291,519,0,44,563,190,329
KT 4-D,395,361,757,0,57,814,343,414
KT 4-E,324,344,674,0,57,731,288,386
KT 4-F,369,342,711,0,59,770,325,386
KT 4-G,404,511,932,0,64,996,345,587
KT 4-H,280,336,618,0,61,679,237,381
KT 4-I,440,333,772,0,76,848,393,379
KT 4-J,413,282,706,0,60,766,355,351
KT 4-K,357,368,730,0,61,791,325,405
MBG 1-A,288,518,812,0,88,900,238,574
MBG 1-B,230,547,793,0,66,859,197,596
MBG 1-C,274,439,721,0,55,776,237,484
MBG 2-A,212,341,559,0,51,610,182,377
MBG 2-B,239,490,741,0,66,807,209,532
MBG 2-C,236,548,802,0,59,861,208,594
MBG 3-A,204,342,553,0,43,596,168,385
MBG 3-B,263,453,727,0,68,795,220,507
MBG 3-C,257,372,634,1,60,695,212,422
MBG 3-D,241,548,793,0,50,843,218,575
MBG 4-A,225,459,699,0,41,740,179,520
MBG 4-B,174,435,617,0,45,662,140,477
MBG 4-C,194,358,560,0,37,597,167,393
MBG 4-D,358,654,"1,025",1,74,"1,100",273,752
MIATWP-A,295,442,741,0,75,816,255,486
MIATWP-B,291,349,648,0,70,718,265,383
MIATWP-C,157,608,784,0,57,841,137,647
MIATWP-D,310,348,657,0,52,709,286,371
MIATWP-E,337,556,906,0,65,971,270,636
MIATWP-F,333,353,695,0,60,755,298,397
MIATWP-G,248,367,617,0,63,680,212,405
MIATWP-H,276,363,640,0,63,703,248,392
MIATWP-I,198,185,389,0,40,429,183,206
MIATWP-J,138,510,653,0,44,697,118,535
MIATWP-K,328,523,866,0,73,939,282,584
MIATWP-L,237,330,569,0,47,616,208,361
MIATWP-M,268,384,658,0,43,701,241,417
MIATWP-N,297,446,752,0,49,801,237,515
MIATWP-O,280,404,692,0,58,750,222,470
MIATWP-P,262,226,493,0,31,524,248,245
MIATWP-Q,362,375,734,1,61,796,315,419
MIATWP-R,179,210,392,0,36,428,158,234
MIATWP-S,210,476,693,0,58,751,178,515
MIATWP-T,210,355,572,0,53,625,189,383
MIATWP-U,266,296,567,0,36,603,246,321
MIATWP-V,232,430,663,0,74,737,200,463
MOR 1-A,132,294,428,0,36,464,121,307
MOR 2-A,286,481,776,0,58,834,244,532
MOR 3-A,160,316,478,0,49,527,137,341
MOR 4-A,191,229,423,0,44,467,169,254
MOR 4-B,234,124,359,0,25,384,214,145
OAK-A,455,321,785,0,48,833,412,373
OAK-B,416,361,770,0,57,827,353,417
OAK-C,395,220,618,0,63,681,353,265
OAK-D,397,232,634,0,50,684,370,264
OAK-E,454,209,664,0,38,702,403,261
OAK-F,544,270,814,0,55,869,464,350
OAK-G,389,306,704,0,50,754,356,348
OAK-H,296,262,567,0,43,610,247,320
PERTWP-A,77,454,554,0,44,598,56,498
PERTWP-B,132,466,611,0,42,653,107,504
PERTWP-C,126,558,708,0,60,768,97,611
PHBG,59,159,222,0,15,237,44,178
PM,240,252,486,0,41,527,218,268
PNLB,120,370,493,0,38,531,98,395
RV-A,236,395,631,0,39,670,202,429
RV-B,162,345,514,0,46,560,152,362
RV-C,302,340,648,0,60,708,276,372
RV-D,209,444,660,1,67,728,168,492
RV-E,162,397,572,0,48,620,127,445
RV-F,252,309,564,0,37,601,223,341
RV-G,173,305,478,0,61,539,143,335
RV-H,120,203,327,0,35,362,106,221
RV-I,160,322,480,0,46,526,137,343
RV-J,161,306,473,0,39,512,129,344
RV-K,285,351,641,0,50,691,238,403
RV-L,113,267,387,0,34,421,97,290
RV-M,270,397,668,0,48,716,227,441
RV-N,188,291,484,0,38,522,167,317
RV-O,256,393,663,0,54,717,229,434
RV-P,292,398,699,1,57,757,240,459
TR 1-A,504,181,686,0,48,734,457,229
TR 1-B,276,99,380,0,26,406,264,116
TR 1-C,465,29,491,0,44,535,446,45
TR 1-D,374,41,405,0,35,440,347,58
TR 1-E,648,42,684,0,47,731,601,83
TR 2-A,507,72,579,1,32,612,479,100
TR 2-B,589,82,670,0,39,709,556,114
TR 2-C,443,40,484,0,35,519,415,69
TR 2-D,286,109,396,0,35,431,259,137
TR 2-E,439,30,477,0,29,506,434,43
TR 3-A,298,135,426,0,46,472,257,169
TR 3-B,246,312,565,0,45,610,221,344
TR 3-C,267,168,433,0,37,470,241,192
TR 3-D,529,98,622,0,61,683,495,127
TR 4-A,578,53,624,0,46,670,542,82
TR 4-B,463,63,521,0,42,563,419,102
TR 4-C,357,66,419,0,30,449,341,78
TR 4-D,392,50,439,0,31,470,361,78
UN-A,134,302,438,0,41,479,113,325
UN-B,248,412,666,0,51,717,217,449
UN-C,238,504,744,1,53,798,200,544
UN-D,293,484,795,0,49,844,261,534
UN-E,227,527,755,0,72,827,190,565
VD-A,233,431,670,0,46,716,200,470
VD-B,122,292,419,0,26,445,110,309
VD-C,235,536,774,0,64,838,186,588
VD-D,282,411,696,1,44,741,235,461
VD-E,159,353,515,0,35,550,127,388
VD-F,296,499,804,1,45,850,257,547
VD-G,213,404,618,0,45,663,179,439
VD-H,243,606,854,0,51,905,209,645
VD-I,229,465,704,0,50,754,190,514
VD-J,291,608,904,0,48,952,232,672
VD-K,304,502,811,0,67,878,249,562
WASTWP-A,255,454,715,2,61,778,217,498
WASTWP-B,395,591,"1,003",0,83,"1,086",345,658
WASTWP-C,336,496,828,0,67,895,290,538
WASTWP-D,244,361,612,0,45,657,217,395
WASTWP-E,356,509,873,1,46,920,303,570
WASTWP-F,218,319,543,0,58,601,190,353
WASTWP-G,392,530,924,0,76,"1,000",348,576
WASTWP-H,290,436,739,0,70,809,242,497
WASTWP-I,328,289,622,0,51,673,290,332
WASTWP-J,372,424,799,0,69,868,334,465
WASTWP-K,283,478,771,0,48,819,249,522
WASTWP-L,320,314,642,0,86,728,285,357
WASTWP-M,332,528,873,0,64,937,272,601
WASTWP-N,403,374,789,0,55,844,364,425
WASTWP-O,350,448,815,0,66,881,317,498
WASTWP-P,360,538,903,0,87,990,322,581
WASTWP-Q,404,478,888,0,82,970,348,540
WASTWP-R,263,393,661,0,50,711,230,431
WASTWP-S,279,398,682,0,60,742,227,455
WASTWP-T,355,324,690,0,50,740,322,368
WASTWP-U,320,483,816,0,63,879,275,541
WASTWP-V,305,456,762,0,78,840,256,506
WASTWP-W,273,273,556,0,39,595,245,311
WASTWP-X,260,390,655,0,54,709,232,423
WASTWP-Y,453,551,"1,023",0,85,"1,108",402,621
WASTWP-Z,294,413,713,0,47,760,266,447
WASTWP-AA,314,437,755,0,73,828,260,495
WASTWP-BB,256,305,570,0,54,624,227,343
WASTWP-CC,382,559,949,1,78,"1,028",337,612
WCR-A,241,391,640,0,63,703,201,439
WCR-B,230,435,670,0,66,736,206,464
WCR-C,214,477,699,0,55,754,190,509
WCR-D,229,438,671,0,65,736,184,487
WCR-E,272,177,460,0,20,480,250,210
WCR-F,240,277,521,0,50,571,220,301
WCR-G,322,371,698,0,57,755,290,408
WCR-H,218,436,654,0,63,717,179,475
WCR-I,307,173,480,0,39,519,290,190
