precinct_code,DEM Cooper Lynn,REP Foley Mike,Total Votes Cast,Overvotes,Undervotes,Contest Total,REP Streck Rob
BRK-A,245,617,725,0,198,923,725
BRK-B,170,490,579,0,120,699,579
BRK-C,201,646,763,0,148,911,763
BRK-D,149,574,642,0,142,784,642
BTLTWP-A,220,561,661,0,168,829,661
BTLTWP-B,226,465,537,0,190,727,537
BTLTWP-C,295,577,720,0,205,925,720
BTLTWP-D,295,515,610,0,251,861,610
BTLTWP-E,194,382,459,0,138,597,459
BTLTWP-F,221,424,508,0,179,687,508
BTLTWP-G,210,282,363,0,158,521,363
CLATWP-A,112,455,493,0,104,597,493
CLATWP-B,106,475,520,0,100,620,520
CLATWP-C,134,736,774,0,157,931,774
CTN 1-A,151,426,479,0,129,608,479
CTN 1-B,337,328,441,0,252,693,441
CTN 1-C,354,519,643,0,298,941,643
CTN 1-D,324,256,354,0,245,599,354
CTN 2-A,289,327,420,0,235,655,420
CTN 2-B,418,408,546,0,312,858,546
CTN 2-C,487,356,532,0,365,897,532
CTN 3-A,430,383,517,0,346,863,517
CTN 3-B,420,365,508,0,320,828,508
CTN 3-C,405,297,422,0,316,738,422
CV-A,330,262,412,0,226,638,412
CV-B,364,455,559,0,322,881,559
CV-C,217,306,380,0,185,565,380
CV-D,262,326,402,0,247,649,402
CV-E,310,453,536,0,283,819,536
CV-F,377,491,598,0,338,936,598
CV-G,440,503,658,0,347,1005,658
CV-H,413,530,654,0,355,1009,654
CV-I,382,627,752,0,339,1091,752
CV-J,327,522,620,0,295,915,620
CV-K,375,484,603,0,340,943,603
CV-L,401,554,682,0,350,1032,682
CV-M,351,460,590,0,273,863,590
CV-N,328,390,492,0,290,782,492
CV-O,458,559,719,0,387,1106,719
CV-P,402,493,614,0,350,964,614
CV-Q,359,440,548,0,333,881,548
CV-R,390,434,554,0,327,881,554
DAY 1-A,128,60,103,0,110,213,103
DAY 1-B,516,181,348,0,391,739,348
DAY 1-C,374,112,238,0,284,522,238
DAY 1-D,233,82,123,0,210,333,123
DAY 1-E,459,159,255,0,386,641,255
DAY 2-A,170,240,279,0,164,443,279
DAY 2-B,321,157,243,0,268,511,243
DAY 2-C,268,232,313,0,226,539,313
DAY 2-D,168,183,244,0,146,390,244
DAY 3-A,107,140,169,0,102,271,169
DAY 3-B,156,195,239,0,149,388,239
DAY 3-C,391,462,582,0,319,901,582
DAY 3-D,261,202,281,0,218,499,281
DAY 3-E,121,132,172,0,105,277,172
DAY 3-F,363,330,435,0,294,729,435
DAY 3-G,157,284,346,0,138,484,346
DAY 3-H,183,277,335,0,164,499,335
DAY 3-I,406,372,477,0,369,846,477
DAY 3-J,325,330,428,0,291,719,428
DAY 3-K,436,407,540,0,354,894,540
DAY 3-L,332,435,547,0,272,819,547
DAY 4-A,380,113,221,0,292,513,221
DAY 4-B,284,96,177,0,221,398,177
DAY 4-C,291,105,183,0,246,429,183
DAY 5-A,289,43,106,0,261,367,106
DAY 5-B,297,60,137,0,248,385,137
DAY 5-C,244,49,109,0,212,321,109
DAY 5-D,361,61,141,0,302,443,141
DAY 6-A,364,45,150,0,296,446,150
DAY 6-B,361,54,158,0,276,434,158
DAY 6-C,317,45,120,0,268,388,120
DAY 7-A,299,53,101,0,279,380,101
DAY 7-B,251,34,92,0,207,299,92
DAY 8-A,353,301,400,0,304,704,400
DAY 8-B,404,229,370,0,307,677,370
DAY 8-C,386,263,365,0,327,692,365
DAY 8-D,365,266,368,0,308,676,368
DAY 9-A,470,329,488,0,370,858,488
DAY 9-B,406,334,436,0,360,796,436
DAY 9-C,433,366,488,0,378,866,488
DAY 9-D,323,304,393,0,277,670,393
DAY 10-A,283,268,332,0,259,591,332
DAY 10-B,204,258,314,0,190,504,314
DAY 10-C,250,204,278,0,202,480,278
DAY 10-D,273,296,398,0,217,615,398
DAY 10-E,252,242,288,0,245,533,288
DAY 11-A,196,162,237,0,145,382,237
DAY 11-B,187,213,287,0,144,431,287
DAY 11-C,226,183,259,0,174,433,259
DAY 11-D,223,325,411,0,183,594,411
DAY 11-E,195,241,300,0,165,465,300
DAY 12-A,332,308,419,0,272,691,419
DAY 12-B,301,128,190,0,268,458,190
DAY 12-C,252,246,328,0,203,531,328
DAY 12-D,187,179,233,0,172,405,233
DAY 13-A,352,40,121,0,305,426,121
DAY 13-B,207,41,94,0,173,267,94
DAY 14-A,405,76,175,0,339,514,175
DAY 14-B,160,32,65,0,140,205,65
DAY 14-C,232,53,96,0,206,302,96
DAY 14-D,477,55,179,0,380,559,179
DAY 15-A,371,63,155,0,318,473,155
DAY 15-B,432,69,148,0,388,536,148
DAY 15-C,305,54,99,0,280,379,99
DAY 15-D,362,42,132,0,316,448,132
DAY 16-A,358,60,149,0,305,454,149
DAY 16-B,283,45,116,0,234,350,116
DAY 16-C,338,46,131,0,268,399,131
DAY 16-D,638,92,253,0,499,752,253
DAY 16-E,376,55,153,0,298,451,153
DAY 17-A,258,71,138,0,209,347,138
DAY 17-B,331,100,186,0,280,466,186
DAY 17-C,383,85,188,0,307,495,188
DAY 17-D,231,58,119,0,194,313,119
DAY 18-A,273,45,121,0,216,337,121
DAY 18-B,423,110,225,0,346,571,225
DAY 18-C,304,76,151,0,264,415,151
DAY 18-D,279,111,193,0,214,407,193
DAY 19-A,161,26,59,0,143,202,59
DAY 19-B,398,59,166,0,327,493,166
DAY 19-C,342,29,114,0,278,392,114
DAY 20-A,330,428,513,0,300,813,513
DAY 20-B,377,422,556,0,318,874,556
DAY 20-C,214,333,404,0,169,573,404
DAY 20-D,229,349,433,0,187,620,433
DAY 21-A,296,58,123,0,251,374,123
DAY 21-B,305,45,123,0,249,372,123
DAY 21-C,469,65,147,0,426,573,147
DAY 22-A,579,103,260,0,460,720,260
DAY 22-B,432,84,193,0,363,556,193
DAY 22-C,682,89,265,0,547,812,265
DAY 23-A,381,140,228,0,328,556,228
ENG-A,385,391,521,0,312,833,521
ENG-B,290,440,537,0,238,775,537
ENG-C,364,334,479,0,258,737,479
ENG-D,344,508,648,0,237,885,648
ENG-E,455,350,517,0,335,852,517
ENG-F,252,412,491,0,207,698,491
ENG-G,331,438,581,0,236,817,581
ENG-H,261,337,429,0,200,629,429
ENG-I,259,299,382,0,204,586,382
ENG-J,346,329,447,0,268,715,447
FARM,119,393,436,0,121,557,436
GERTWP-A,165,760,790,0,187,977,790
GERTWP-B,167,724,769,0,182,951,769
GTN-A,225,518,569,0,231,800,569
GTN-B,189,510,565,0,182,747,565
GTN-C,181,529,592,0,177,769,592
GTN-D,188,587,654,0,178,832,654
HARTWP-A,117,284,337,0,96,433,337
HARTWP-B,172,330,404,0,136,540,404
HARTWP-C,189,340,405,0,160,565,405
HARTWP-D,466,296,430,0,368,798,430
HARTWP-E,105,219,250,0,93,343,250
HARTWP-F,251,64,149,0,172,321,149
HARTWP-G,382,140,263,0,282,545,263
HARTWP-H,436,119,242,0,340,582,242
HARTWP-I,361,161,273,0,273,546,273
HARTWP-J,416,94,195,0,340,535,195
HARTWP-K,371,131,261,0,270,531,261
HARTWP-L,500,237,377,0,385,762,377
HARTWP-M,687,136,329,0,525,854,329
HARTWP-N,144,328,379,0,126,505,379
HARTWP-O,519,180,319,0,426,745,319
HUB 1-A,293,479,564,0,252,816,564
HUB 1-B,413,515,653,0,318,971,653
HUB 1-C,384,309,429,0,307,736,429
HUB 1-D,340,511,615,0,289,904,615
HUB 2-A,348,434,545,0,287,832,545
HUB 2-B,336,495,617,0,268,885,617
HUB 3-A,234,364,442,0,188,630,442
HUB 3-B,313,239,363,0,217,580,363
HUB 3-C,214,339,415,0,175,590,415
HUB 3-D,286,511,610,0,236,846,610
HUB 3-E,301,309,413,0,237,650,413
HUB 4-A,299,453,538,0,266,804,538
HUB 4-B,261,434,509,0,246,755,509
HUB 4-C,356,439,574,0,263,837,574
HUB 4-D,373,386,510,0,286,796,510
HUB 5-A,279,426,540,0,204,744,540
HUB 5-B,317,378,511,0,235,746,511
HUB 5-C,285,422,508,0,241,749,508
HUB 5-D,319,413,544,0,227,771,544
HUB 6-A,249,351,440,0,198,638,440
HUB 6-B,317,498,617,0,248,865,617
HUB 6-C,326,424,542,0,266,808,542
HUB 6-D,242,474,583,0,178,761,583
JAKTWP-A,166,736,767,0,192,959,767
JAKTWP-B,111,508,543,0,129,672,543
JEFTWP-A,444,449,550,0,389,939,550
JEFTWP-B,304,210,279,0,271,550,279
JEFTWP-C,249,413,468,0,226,694,468
JEFTWP-D,572,78,222,0,461,683,222
JNLB-A,103,332,367,0,112,479,367
JNLB-B,148,543,592,0,155,747,592
KT 1-A,336,285,390,0,267,657,390
KT 1-B,215,385,468,0,184,652,468
KT 1-C,316,493,591,0,283,874,591
KT 1-D,363,418,542,0,301,843,542
KT 1-E,257,374,451,0,231,682,451
KT 1-F,257,361,431,0,236,667,431
KT 1-G,283,381,463,0,246,709,463
KT 1-H,386,470,589,0,323,912,589
KT 1-I,319,408,537,0,246,783,537
KT 2-A,325,377,494,0,272,766,494
KT 2-B,312,375,487,0,252,739,487
KT 2-C,363,372,512,0,281,793,512
KT 2-D,376,432,554,0,319,873,554
KT 2-E,301,457,582,0,227,809,582
KT 2-F,244,368,457,0,207,664,457
KT 2-G,369,585,716,0,314,1030,716
KT 2-H,366,436,540,0,333,873,540
KT 2-I,272,346,442,0,218,660,442
KT 2-J,262,250,345,0,209,554,345
KT 3-A,366,414,514,0,314,828,514
KT 3-B,422,351,471,0,342,813,471
KT 3-C,295,453,544,0,248,792,544
KT 3-D,391,255,398,0,304,702,398
KT 3-E,356,433,536,0,310,846,536
KT 3-F,298,329,418,0,266,684,418
KT 3-G,273,364,473,0,206,679,473
KT 3-H,363,396,508,0,299,807,508
KT 3-I,272,367,463,0,225,688,463
KT 3-J,310,320,418,0,253,671,418
KT 3-K,413,476,629,0,317,946,629
KT 4-A,489,380,512,0,410,922,512
KT 4-B,546,333,474,0,465,939,474
KT 4-C,228,297,366,0,197,563,366
KT 4-D,396,365,508,0,306,814,508
KT 4-E,341,339,444,0,287,731,444
KT 4-F,384,338,456,0,314,770,456
KT 4-G,427,505,646,0,350,996,646
KT 4-H,283,348,469,0,210,679,469
KT 4-I,435,338,496,0,352,848,496
KT 4-J,409,293,454,0,312,766,454
KT 4-K,350,383,478,0,313,791,478
MBG 1-A,287,534,603,0,297,900,603
MBG 1-B,223,576,642,0,217,859,642
MBG 1-C,277,453,538,0,238,776,538
MBG 2-A,210,358,422,0,188,610,422
MBG 2-B,243,506,599,0,208,807,599
MBG 2-C,247,560,645,0,216,861,645
MBG 3-A,203,352,443,0,153,596,443
MBG 3-B,274,457,523,0,272,795,523
MBG 3-C,252,395,477,0,218,695,477
MBG 3-D,246,553,632,0,211,843,632
MBG 4-A,236,468,547,0,193,740,547
MBG 4-B,183,435,494,0,168,662,494
MBG 4-C,186,372,434,0,163,597,434
MBG 4-D,362,668,811,0,289,1100,811
MIATWP-A,301,446,545,0,271,816,545
MIATWP-B,289,368,431,0,287,718,431
MIATWP-C,163,626,657,0,184,841,657
MIATWP-D,307,356,449,0,260,709,449
MIATWP-E,343,560,669,0,302,971,669
MIATWP-F,336,367,498,0,257,755,498
MIATWP-G,228,392,482,0,198,680,482
MIATWP-H,269,379,473,0,230,703,473
MIATWP-I,192,200,257,0,172,429,257
MIATWP-J,146,518,545,0,152,697,545
MIATWP-K,330,542,640,0,299,939,640
MIATWP-L,232,346,393,0,223,616,393
MIATWP-M,291,374,480,0,221,701,480
MIATWP-N,307,447,535,0,266,801,535
MIATWP-O,276,424,506,0,244,750,506
MIATWP-P,272,231,327,0,197,524,327
MIATWP-Q,360,379,495,0,301,796,495
MIATWP-R,186,211,279,0,149,428,279
MIATWP-S,218,480,535,0,216,751,535
MIATWP-T,210,361,420,0,205,625,420
MIATWP-U,271,300,391,0,212,603,391
MIATWP-V,228,445,508,0,229,737,508
MOR 1-A,139,300,332,0,132,464,332
MOR 2-A,270,509,591,0,243,834,591
MOR 3-A,155,330,373,0,154,527,373
MOR 4-A,196,236,288,0,179,467,288
MOR 4-B,215,145,198,0,186,384,198
OAK-A,487,302,441,0,392,833,441
OAK-B,448,332,487,0,340,827,487
OAK-C,413,221,332,0,349,681,332
OAK-D,413,226,368,0,316,684,368
OAK-E,461,210,340,0,362,702,340
OAK-F,562,268,428,0,441,869,428
OAK-G,426,284,410,0,344,754,410
OAK-H,315,253,351,0,259,610,351
PERTWP-A,79,474,499,0,99,598,499
PERTWP-B,133,479,543,0,110,653,543
PERTWP-C,125,588,613,0,155,768,613
PHBG,65,161,196,0,41,237,196
PM,240,252,358,0,169,527,358
PNLB,127,376,426,0,105,531,426
RV-A,236,409,477,0,193,670,477
RV-B,171,351,398,0,162,560,398
RV-C,284,375,481,0,227,708,481
RV-D,198,465,530,0,198,728,530
RV-E,157,424,467,0,153,620,467
RV-F,252,323,385,0,216,601,385
RV-G,178,310,383,0,156,539,383
RV-H,121,212,263,0,99,362,263
RV-I,156,334,371,0,155,526,371
RV-J,159,322,387,0,125,512,387
RV-K,293,361,448,0,243,691,448
RV-L,122,267,318,0,103,421,318
RV-M,257,420,508,0,208,716,508
RV-N,175,312,367,0,155,522,367
RV-O,252,417,501,0,216,717,501
RV-P,278,421,543,0,214,757,543
TR 1-A,479,223,353,0,381,734,353
TR 1-B,253,128,190,0,216,406,190
TR 1-C,428,65,164,0,371,535,164
TR 1-D,340,74,164,0,276,440,164
TR 1-E,594,97,237,0,494,731,237
TR 2-A,485,94,245,0,367,612,245
TR 2-B,563,113,237,0,472,709,237
TR 2-C,421,67,171,0,348,519,171
TR 2-D,266,134,201,0,230,431,201
TR 2-E,421,61,176,0,330,506,176
TR 3-A,280,164,241,0,231,472,241
TR 3-B,240,333,402,0,208,610,402
TR 3-C,248,193,256,0,214,470,256
TR 3-D,493,139,275,0,408,683,275
TR 4-A,537,95,200,0,470,670,200
TR 4-B,429,99,210,0,353,563,210
TR 4-C,329,102,193,0,256,449,193
TR 4-D,365,77,186,0,284,470,186
UN-A,132,315,368,0,111,479,368
UN-B,242,428,529,0,188,717,529
UN-C,240,518,602,0,196,798,602
UN-D,288,511,635,0,209,844,635
UN-E,218,547,623,0,204,827,623
VD-A,221,454,525,0,191,716,525
VD-B,129,294,355,0,90,445,355
VD-C,233,556,655,0,183,838,655
VD-D,278,427,528,0,213,741,528
VD-E,157,363,415,0,135,550,415
VD-F,290,519,607,0,243,850,607
VD-G,210,418,467,0,196,663,467
VD-H,245,611,690,0,215,905,690
VD-I,225,491,575,0,179,754,575
VD-J,283,622,709,0,243,952,709
VD-K,279,542,652,0,226,878,652
WASTWP-A,271,443,529,0,249,778,529
WASTWP-B,408,594,741,0,345,1086,741
WASTWP-C,354,487,585,0,310,895,585
WASTWP-D,256,359,432,0,225,657,432
WASTWP-E,368,502,612,0,308,920,612
WASTWP-F,237,316,383,0,218,601,383
WASTWP-G,399,525,647,0,353,1000,647
WASTWP-H,299,440,534,0,275,809,534
WASTWP-I,317,308,419,0,254,673,419
WASTWP-J,365,437,541,0,327,868,541
WASTWP-K,293,483,537,0,282,819,537
WASTWP-L,322,325,429,0,299,728,429
WASTWP-M,336,529,641,0,296,937,641
WASTWP-N,406,391,507,0,337,844,507
WASTWP-O,362,452,570,0,311,881,570
WASTWP-P,360,551,687,0,303,990,687
WASTWP-Q,406,481,622,0,348,970,622
WASTWP-R,262,391,511,0,200,711,511
WASTWP-S,277,396,484,0,258,742,484
WASTWP-T,353,336,439,0,301,740,439
WASTWP-U,331,486,610,0,269,879,610
WASTWP-V,316,467,543,0,297,840,543
WASTWP-W,277,284,375,0,220,595,375
WASTWP-X,270,390,490,0,219,709,490
WASTWP-Y,452,567,717,0,391,1108,717
WASTWP-Z,304,406,494,0,266,760,494
WASTWP-AA,320,438,533,0,295,828,533
WASTWP-BB,260,313,397,0,227,624,397
WASTWP-CC,407,548,640,0,388,1028,640
WCR-A,237,403,484,0,219,703,484
WCR-B,242,434,503,0,233,736,503
WCR-C,229,476,558,0,196,754,558
WCR-D,224,454,513,0,223,736,513
WCR-E,255,201,287,0,193,480,287
WCR-F,239,292,362,0,209,571,362
WCR-G,328,372,476,0,279,755,476
WCR-H,213,452,518,0,199,717,518
WCR-I,294,189,291,0,228,519,291
