precinct_code,DEM P. Donnelly Michael,REP Shanahan Megan E.,Total Votes Cast,Overvotes,Undervotes,Contest Total,REP Joseph Deters T.,DEM J. Stewart Melody
BRK-A,242,590,863,0,60,923,606,257
BRK-B,172,467,665,0,34,699,484,181
BRK-C,204,627,845,0,66,911,650,195
BRK-D,157,560,720,0,64,784,556,164
BTLTWP-A,227,547,785,0,44,829,550,235
BTLTWP-B,225,452,694,0,33,727,461,233
BTLTWP-C,288,574,879,0,46,925,590,289
BTLTWP-D,309,487,817,0,44,861,503,314
BTLTWP-E,210,350,577,0,20,597,372,205
BTLTWP-F,223,412,657,0,30,687,420,237
BTLTWP-G,207,263,484,0,37,521,267,217
CLATWP-A,119,431,569,0,28,597,442,127
CLATWP-B,118,459,585,0,35,620,474,111
CLATWP-C,150,701,875,0,56,931,725,150
CTN 1-A,150,408,576,0,32,608,428,148
CTN 1-B,338,297,664,0,29,693,314,350
CTN 1-C,349,508,877,0,64,941,518,359
CTN 1-D,317,240,578,0,21,599,231,347
CTN 2-A,304,293,610,0,45,655,304,306
CTN 2-B,451,345,822,0,36,858,359,463
CTN 2-C,516,305,850,0,47,897,329,521
CTN 3-A,448,342,806,0,57,863,353,453
CTN 3-B,430,343,789,0,39,828,361,428
CTN 3-C,425,267,710,2,26,738,260,450
CV-A,343,253,602,1,35,638,254,348
CV-B,378,436,834,0,47,881,449,385
CV-C,209,309,532,0,33,565,314,218
CV-D,287,290,596,0,53,649,296,300
CV-E,320,438,777,0,42,819,455,322
CV-F,386,471,874,0,62,936,482,392
CV-G,451,470,951,0,54,"1,005",500,451
CV-H,441,484,949,0,60,"1,009",491,458
CV-I,367,637,"1,033",0,58,"1,091",654,379
CV-J,340,506,865,0,50,915,506,359
CV-K,389,473,876,0,67,943,471,405
CV-L,423,544,977,0,55,"1,032",550,427
CV-M,356,436,814,0,49,863,458,356
CV-N,342,367,731,0,51,782,390,341
CV-O,462,557,"1,039",0,67,"1,106",565,474
CV-P,407,483,918,1,45,964,483,435
CV-Q,389,420,821,0,60,881,423,398
CV-R,401,413,827,0,54,881,418,409
DAY 1-A,125,60,195,0,18,213,67,128
DAY 1-B,533,174,708,0,31,739,171,537
DAY 1-C,379,103,490,0,32,522,108,382
DAY 1-D,246,72,321,0,12,333,74,247
DAY 1-E,467,137,618,0,23,641,146,472
DAY 2-A,187,203,410,0,33,443,215,195
DAY 2-B,321,147,484,0,27,511,150,334
DAY 2-C,273,215,501,0,38,539,222,279
DAY 2-D,181,159,354,0,36,390,165,189
DAY 3-A,113,121,245,0,26,271,127,118
DAY 3-B,156,184,352,0,36,388,185,167
DAY 3-C,400,434,856,0,45,901,434,422
DAY 3-D,252,190,461,0,38,499,203,258
DAY 3-E,124,124,256,0,21,277,131,125
DAY 3-F,371,300,683,0,46,729,305,378
DAY 3-G,161,259,442,0,42,484,271,171
DAY 3-H,192,248,461,0,38,499,256,205
DAY 3-I,438,327,794,0,52,846,324,470
DAY 3-J,332,314,663,0,56,719,324,339
DAY 3-K,449,393,858,0,36,894,387,471
DAY 3-L,349,406,777,0,42,819,424,353
DAY 4-A,384,90,492,0,21,513,99,393
DAY 4-B,291,77,380,0,18,398,76,304
DAY 4-C,297,82,399,0,30,429,84,315
DAY 5-A,296,26,339,0,28,367,27,312
DAY 5-B,296,49,350,0,35,385,44,306
DAY 5-C,231,39,295,0,26,321,44,251
DAY 5-D,367,29,417,0,26,443,32,385
DAY 6-A,374,20,412,0,34,446,24,388
DAY 6-B,355,30,400,0,34,434,29,371
DAY 6-C,322,20,360,0,28,388,26,334
DAY 7-A,313,24,347,0,33,380,26,321
DAY 7-B,253,26,288,0,11,299,28,260
DAY 8-A,363,276,650,0,54,704,279,371
DAY 8-B,412,229,653,0,24,677,228,425
DAY 8-C,401,241,638,0,54,692,235,403
DAY 8-D,373,250,637,0,39,676,245,392
DAY 9-A,470,340,815,0,43,858,335,480
DAY 9-B,419,305,745,0,51,796,311,434
DAY 9-C,460,340,814,0,52,866,347,467
DAY 9-D,334,277,628,1,41,670,283,345
DAY 10-A,302,251,556,0,35,591,252,304
DAY 10-B,206,243,467,0,37,504,256,211
DAY 10-C,260,190,455,0,25,480,191,264
DAY 10-D,278,286,576,0,39,615,290,286
DAY 10-E,266,223,499,0,34,533,220,279
DAY 11-A,199,151,362,0,20,382,165,197
DAY 11-B,185,202,390,0,41,431,190,200
DAY 11-C,233,163,406,0,27,433,164,242
DAY 11-D,243,295,554,0,40,594,304,250
DAY 11-E,199,231,444,0,21,465,241,203
DAY 12-A,346,281,654,1,36,691,301,353
DAY 12-B,315,113,433,0,25,458,117,316
DAY 12-C,268,226,502,0,29,531,223,279
DAY 12-D,203,156,367,0,38,405,153,214
DAY 13-A,345,26,400,0,26,426,32,368
DAY 13-B,209,18,242,0,25,267,19,223
DAY 14-A,395,64,481,0,33,514,55,426
DAY 14-B,164,16,189,0,16,205,15,174
DAY 14-C,227,31,283,0,19,302,34,249
DAY 14-D,470,34,526,0,33,559,42,484
DAY 15-A,384,34,441,0,32,473,30,411
DAY 15-B,438,24,500,1,35,536,30,470
DAY 15-C,299,19,352,0,27,379,16,336
DAY 15-D,367,26,408,0,40,448,27,381
DAY 16-A,367,38,430,1,23,454,41,389
DAY 16-B,281,27,333,0,17,350,29,304
DAY 16-C,330,34,377,0,22,399,36,341
DAY 16-D,630,54,720,1,31,752,52,668
DAY 16-E,370,27,420,0,31,451,28,392
DAY 17-A,258,65,336,0,11,347,65,271
DAY 17-B,331,82,428,0,38,466,79,349
DAY 17-C,375,69,468,0,27,495,72,396
DAY 17-D,237,50,298,0,15,313,46,252
DAY 18-A,274,33,316,1,20,337,28,288
DAY 18-B,422,93,535,0,36,571,89,446
DAY 18-C,300,68,394,0,21,415,67,327
DAY 18-D,277,89,385,1,21,407,83,302
DAY 19-A,178,6,187,0,15,202,3,184
DAY 19-B,414,32,463,0,30,493,31,432
DAY 19-C,323,20,370,0,22,392,22,348
DAY 20-A,346,382,761,0,52,813,400,361
DAY 20-B,388,401,818,0,56,874,416,402
DAY 20-C,229,304,540,0,33,573,314,226
DAY 20-D,224,332,576,0,44,620,332,244
DAY 21-A,311,35,350,0,24,374,36,314
DAY 21-B,312,26,344,0,28,372,26,318
DAY 21-C,468,50,537,0,36,573,45,492
DAY 22-A,577,76,687,0,33,720,78,609
DAY 22-B,444,55,517,0,39,556,58,459
DAY 22-C,683,44,762,0,50,812,35,727
DAY 23-A,414,107,528,0,28,556,104,424
ENG-A,397,373,782,0,51,833,380,402
ENG-B,309,406,722,0,53,775,412,310
ENG-C,382,298,695,0,42,737,304,391
ENG-D,344,477,843,0,42,885,470,373
ENG-E,450,336,813,0,39,852,354,459
ENG-F,264,392,668,0,30,698,389,279
ENG-G,342,402,759,0,58,817,412,347
ENG-H,270,303,589,0,40,629,308,281
ENG-I,284,260,557,0,29,586,280,277
ENG-J,357,297,673,1,41,715,301,372
FARM,125,379,517,0,40,557,399,118
GERTWP-A,167,736,921,0,56,977,750,171
GERTWP-B,183,667,903,0,48,951,721,182
GTN-A,220,509,743,0,57,800,501,242
GTN-B,206,479,703,0,44,747,493,210
GTN-C,180,531,717,0,52,769,528,189
GTN-D,185,568,773,0,59,832,576,197
HARTWP-A,133,248,402,0,31,433,261,141
HARTWP-B,166,304,502,0,38,540,321,181
HARTWP-C,195,302,508,0,57,565,307,201
HARTWP-D,478,244,763,0,35,798,258,505
HARTWP-E,109,196,313,0,30,343,201,112
HARTWP-F,246,50,307,0,14,321,51,256
HARTWP-G,383,99,504,0,41,545,112,392
HARTWP-H,436,71,548,1,33,582,81,467
HARTWP-I,377,117,517,0,29,546,120,397
HARTWP-J,409,75,503,1,31,535,74,429
HARTWP-K,375,99,497,0,34,531,99,398
HARTWP-L,504,206,732,1,29,762,202,530
HARTWP-M,673,95,814,0,40,854,98,716
HARTWP-N,161,293,462,0,43,505,304,158
HARTWP-O,507,149,698,0,47,745,149,549
HUB 1-A,295,464,776,0,40,816,469,307
HUB 1-B,420,473,923,1,47,971,461,462
HUB 1-C,402,257,689,1,46,736,274,415
HUB 1-D,350,475,839,0,65,904,481,358
HUB 2-A,350,409,777,0,55,832,418,359
HUB 2-B,338,463,834,0,51,885,470,364
HUB 3-A,251,326,598,0,32,630,342,256
HUB 3-B,326,205,541,0,39,580,210,331
HUB 3-C,219,314,549,0,41,590,308,241
HUB 3-D,316,448,791,0,55,846,473,318
HUB 3-E,307,291,619,0,31,650,294,325
HUB 4-A,306,428,751,0,53,804,434,317
HUB 4-B,274,409,704,0,51,755,427,277
HUB 4-C,371,392,784,1,52,837,400,384
HUB 4-D,386,356,762,0,34,796,363,399
HUB 5-A,294,381,691,0,53,744,377,314
HUB 5-B,325,350,695,0,51,746,357,338
HUB 5-C,303,371,709,0,40,749,384,325
HUB 5-D,312,387,722,0,49,771,390,332
HUB 6-A,252,341,604,0,34,638,325,279
HUB 6-B,310,487,811,0,54,865,483,328
HUB 6-C,329,403,763,2,43,808,413,350
HUB 6-D,258,434,718,0,43,761,456,262
JAKTWP-A,168,689,893,0,66,959,711,182
JAKTWP-B,125,481,629,0,43,672,512,117
JEFTWP-A,429,413,883,0,56,939,422,461
JEFTWP-B,320,158,510,0,40,550,170,340
JEFTWP-C,241,409,664,0,30,694,406,258
JEFTWP-D,584,34,650,0,33,683,39,611
JNLB-A,107,327,444,0,35,479,335,109
JNLB-B,165,509,690,0,57,747,521,169
KT 1-A,344,265,617,0,40,657,265,352
KT 1-B,232,356,604,0,48,652,379,225
KT 1-C,342,462,812,0,62,874,465,347
KT 1-D,377,379,785,0,58,843,401,384
KT 1-E,273,349,641,0,41,682,360,281
KT 1-F,276,344,623,0,44,667,353,270
KT 1-G,302,353,664,0,45,709,361,303
KT 1-H,390,459,867,0,45,912,481,386
KT 1-I,340,386,738,0,45,783,381,357
KT 2-A,337,353,713,0,53,766,366,347
KT 2-B,321,365,699,0,40,739,362,337
KT 2-C,358,373,750,0,43,793,384,366
KT 2-D,386,413,819,1,53,873,396,423
KT 2-E,305,444,763,0,46,809,435,328
KT 2-F,273,337,625,0,39,664,344,281
KT 2-G,378,562,960,0,70,"1,030",580,380
KT 2-H,367,429,814,0,59,873,429,385
KT 2-I,287,336,632,0,28,660,343,289
KT 2-J,267,245,522,0,32,554,241,281
KT 3-A,382,359,780,0,48,828,384,396
KT 3-B,431,330,779,0,34,813,335,444
KT 3-C,300,434,759,0,33,792,444,315
KT 3-D,399,232,654,0,48,702,241,413
KT 3-E,383,405,814,0,32,846,426,388
KT 3-F,320,301,642,0,42,684,306,336
KT 3-G,298,347,652,1,26,679,348,304
KT 3-H,373,391,768,0,39,807,388,380
KT 3-I,280,359,661,0,27,688,379,282
KT 3-J,308,328,648,0,23,671,329,319
KT 3-K,433,445,888,0,58,946,451,437
KT 4-A,490,384,885,0,37,922,370,515
KT 4-B,551,308,882,0,57,939,322,560
KT 4-C,236,275,533,0,30,563,287,246
KT 4-D,398,361,774,0,40,814,367,407
KT 4-E,338,337,687,0,44,731,329,358
KT 4-F,378,327,738,0,32,770,343,395
KT 4-G,440,494,954,0,42,996,503,451
KT 4-H,297,322,630,1,48,679,332,298
KT 4-I,456,337,809,0,39,848,344,465
KT 4-J,426,287,722,0,44,766,284,438
KT 4-K,375,361,748,0,43,791,352,396
MBG 1-A,291,521,824,0,76,900,523,301
MBG 1-B,239,544,787,0,72,859,543,244
MBG 1-C,289,430,738,0,38,776,451,287
MBG 2-A,219,335,565,0,45,610,326,239
MBG 2-B,251,484,745,0,62,807,494,251
MBG 2-C,254,545,822,0,39,861,560,262
MBG 3-A,209,337,565,0,31,596,355,210
MBG 3-B,269,446,732,0,63,795,445,287
MBG 3-C,266,353,646,0,49,695,383,263
MBG 3-D,243,533,797,0,46,843,524,273
MBG 4-A,223,457,692,0,48,740,448,244
MBG 4-B,191,425,633,0,29,662,426,207
MBG 4-C,203,356,565,0,32,597,364,201
MBG 4-D,383,622,"1,036",0,64,"1,100",643,393
MIATWP-A,305,426,753,0,63,816,436,317
MIATWP-B,303,342,664,0,54,718,351,313
MIATWP-C,166,591,785,0,56,841,615,170
MIATWP-D,319,330,675,0,34,709,332,343
MIATWP-E,364,553,923,0,48,971,566,357
MIATWP-F,328,359,700,0,55,755,351,349
MIATWP-G,252,367,642,0,38,680,387,255
MIATWP-H,287,349,660,0,43,703,355,305
MIATWP-I,202,195,396,0,33,429,190,206
MIATWP-J,146,499,660,0,37,697,499,161
MIATWP-K,334,527,882,0,57,939,536,346
MIATWP-L,243,322,574,0,42,616,325,249
MIATWP-M,279,362,667,0,34,701,377,290
MIATWP-N,312,441,764,0,37,801,443,321
MIATWP-O,285,400,702,0,48,750,412,290
MIATWP-P,266,223,497,0,27,524,222,275
MIATWP-Q,378,372,758,0,38,796,377,381
MIATWP-R,191,194,397,0,31,428,198,199
MIATWP-S,223,462,709,0,42,751,489,220
MIATWP-T,229,351,589,0,36,625,347,242
MIATWP-U,274,284,568,0,35,603,283,285
MIATWP-V,238,419,686,0,51,737,425,261
MOR 1-A,140,277,434,0,30,464,287,147
MOR 2-A,284,477,780,0,54,834,475,305
MOR 3-A,156,316,488,0,39,527,318,170
MOR 4-A,196,222,433,0,34,467,223,210
MOR 4-B,225,116,352,1,31,384,121,231
OAK-A,481,307,807,0,26,833,306,501
OAK-B,451,336,800,0,27,827,344,456
OAK-C,422,219,645,1,35,681,219,426
OAK-D,411,233,654,0,30,684,234,420
OAK-E,466,207,673,0,29,702,195,478
OAK-F,576,261,847,0,22,869,256,591
OAK-G,418,295,723,0,31,754,285,438
OAK-H,315,258,576,0,34,610,263,313
PERTWP-A,88,453,548,0,50,598,449,99
PERTWP-B,133,459,610,0,43,653,474,136
PERTWP-C,138,545,708,0,60,768,564,144
PHBG,56,150,221,0,16,237,158,63
PM,246,251,498,0,29,527,251,247
PNLB,128,350,492,1,38,531,367,125
RV-A,240,387,648,0,22,670,399,249
RV-B,169,330,521,0,39,560,346,175
RV-C,310,344,654,0,54,708,337,317
RV-D,214,455,687,0,41,728,471,216
RV-E,162,394,567,0,53,620,397,170
RV-F,260,291,558,0,43,601,292,266
RV-G,178,318,500,0,39,539,305,195
RV-H,123,191,324,0,38,362,205,119
RV-I,171,312,485,0,41,526,302,183
RV-J,170,300,480,0,32,512,314,166
RV-K,305,347,654,0,37,691,351,303
RV-L,122,267,394,0,27,421,272,122
RV-M,273,386,667,1,48,716,375,292
RV-N,188,282,486,0,36,522,293,193
RV-O,266,386,670,0,47,717,400,270
RV-P,299,399,711,1,45,757,397,314
TR 1-A,490,181,684,0,50,734,185,499
TR 1-B,267,107,383,0,23,406,106,277
TR 1-C,433,25,494,0,41,535,31,463
TR 1-D,353,47,413,0,27,440,42,371
TR 1-E,612,51,692,0,39,731,44,648
TR 2-A,485,66,578,0,34,612,71,507
TR 2-B,558,80,669,0,40,709,78,591
TR 2-C,415,44,482,0,37,519,49,433
TR 2-D,267,116,395,1,35,431,113,282
TR 2-E,418,25,480,0,26,506,35,445
TR 3-A,294,133,436,0,36,472,143,293
TR 3-B,245,305,566,0,44,610,309,257
TR 3-C,255,159,431,0,39,470,167,264
TR 3-D,503,105,635,0,48,683,104,531
TR 4-A,546,61,634,0,36,670,49,585
TR 4-B,430,59,519,1,43,563,68,451
TR 4-C,348,63,426,0,23,449,69,357
TR 4-D,362,54,433,1,36,470,50,383
UN-A,133,298,451,0,28,479,303,148
UN-B,251,410,676,0,41,717,415,261
UN-C,244,489,756,0,42,798,505,251
UN-D,296,470,800,0,44,844,495,305
UN-E,246,509,773,0,54,827,528,245
VD-A,228,435,671,0,45,716,429,242
VD-B,138,283,427,0,18,445,286,141
VD-C,241,522,779,0,59,838,530,249
VD-D,282,409,706,0,35,741,407,299
VD-E,160,350,515,0,35,550,345,170
VD-F,301,482,807,0,43,850,499,308
VD-G,211,398,625,0,38,663,407,218
VD-H,258,586,868,0,37,905,592,276
VD-I,244,442,704,0,50,754,464,240
VD-J,302,595,901,0,51,952,608,293
VD-K,301,505,826,0,52,878,521,305
WASTWP-A,269,447,736,0,42,778,449,287
WASTWP-B,409,594,"1,022",0,64,"1,086",593,429
WASTWP-C,355,485,849,0,46,895,470,379
WASTWP-D,258,363,631,0,26,657,368,263
WASTWP-E,374,496,884,0,36,920,490,394
WASTWP-F,237,314,561,0,40,601,328,233
WASTWP-G,425,504,943,0,57,"1,000",507,436
WASTWP-H,308,439,765,0,44,809,448,317
WASTWP-I,333,296,645,1,27,673,305,340
WASTWP-J,368,421,812,0,56,868,432,380
WASTWP-K,309,465,790,0,29,819,467,323
WASTWP-L,346,325,673,2,53,728,327,346
WASTWP-M,341,518,888,0,49,937,529,359
WASTWP-N,405,367,803,0,41,844,378,425
WASTWP-O,382,429,824,0,57,881,433,391
WASTWP-P,381,548,933,0,57,990,539,394
WASTWP-Q,423,473,914,0,56,970,470,444
WASTWP-R,290,370,677,0,34,711,384,293
WASTWP-S,297,387,698,0,44,742,393,305
WASTWP-T,377,311,697,0,43,740,323,374
WASTWP-U,357,467,833,0,46,879,471,362
WASTWP-V,336,455,792,0,48,840,453,339
WASTWP-W,271,278,561,0,34,595,275,286
WASTWP-X,276,362,666,0,43,709,377,289
WASTWP-Y,485,540,"1,041",0,67,"1,108",542,499
WASTWP-Z,305,411,729,0,31,760,410,319
WASTWP-AA,327,423,768,0,60,828,421,347
WASTWP-BB,276,295,577,0,47,624,298,279
WASTWP-CC,397,538,960,1,67,"1,028",531,429
WCR-A,245,382,649,0,54,703,396,253
WCR-B,236,434,675,0,61,736,433,242
WCR-C,222,472,711,0,43,754,477,234
WCR-D,236,438,690,0,46,736,439,251
WCR-E,268,171,466,0,14,480,185,281
WCR-F,242,271,530,0,41,571,270,260
WCR-G,318,360,707,0,48,755,372,335
WCR-H,209,432,664,0,53,717,437,227
WCR-I,301,170,499,0,20,519,180,319
