precinct_code,DEM J. Shahan Andrew,Total Votes Cast,Overvotes,Undervotes,Contest Total,Harshbarger REP Kent E.
BRK-A,488,697,0,226,923,697
BRK-B,354,557,0,142,699,557
BRK-C,428,696,0,215,911,696
BRK-D,349,603,0,181,784,603
BTLTWP-A,414,648,0,181,829,648
BTLTWP-B,385,521,0,206,727,521
BTLTWP-C,492,713,0,212,925,713
BTLTWP-D,500,619,0,242,861,619
BTLTWP-E,361,449,0,148,597,449
BTLTWP-F,356,495,0,192,687,495
BTLTWP-G,314,362,0,159,521,362
CLATWP-A,278,477,0,120,597,477
CLATWP-B,282,504,0,116,620,504
CLATWP-C,380,728,0,203,931,728
CTN 1-A,299,461,0,147,608,461
CTN 1-B,455,456,0,237,693,456
CTN 1-C,533,629,0,312,941,629
CTN 1-D,424,355,0,244,599,355
CTN 2-A,417,422,0,233,655,422
CTN 2-B,592,549,0,309,858,549
CTN 2-C,623,522,0,375,897,522
CTN 3-A,561,508,0,355,863,508
CTN 3-B,546,511,0,317,828,511
CTN 3-C,530,438,0,300,738,438
CV-A,432,412,0,226,638,412
CV-B,496,562,0,319,881,562
CV-C,303,374,0,191,565,374
CV-D,390,403,0,246,649,403
CV-E,448,531,0,288,819,531
CV-F,508,601,0,335,936,601
CV-G,586,662,0,343,1005,662
CV-H,581,654,0,355,1009,654
CV-I,575,753,0,338,1091,753
CV-J,496,627,0,288,915,627
CV-K,532,586,0,357,943,586
CV-L,572,690,0,342,1032,690
CV-M,498,576,0,287,863,576
CV-N,461,479,0,303,782,479
CV-O,636,715,0,391,1106,715
CV-P,549,619,0,345,964,619
CV-Q,495,535,0,346,881,535
CV-R,513,548,0,333,881,548
DAY 1-A,123,111,0,102,213,111
DAY 1-B,539,360,0,379,739,360
DAY 1-C,404,240,0,282,522,240
DAY 1-D,235,128,0,205,333,128
DAY 1-E,464,274,0,367,641,274
DAY 2-A,257,276,0,167,443,276
DAY 2-B,364,254,0,257,511,254
DAY 2-C,346,314,0,225,539,314
DAY 2-D,228,240,0,150,390,240
DAY 3-A,145,177,0,94,271,177
DAY 3-B,216,238,0,150,388,238
DAY 3-C,547,593,0,308,901,593
DAY 3-D,302,284,0,215,499,284
DAY 3-E,173,181,0,96,277,181
DAY 3-F,454,430,0,299,729,430
DAY 3-G,253,350,0,134,484,350
DAY 3-H,269,326,0,173,499,326
DAY 3-I,539,475,0,371,846,475
DAY 3-J,421,423,0,296,719,423
DAY 3-K,564,538,0,356,894,538
DAY 3-L,474,548,0,271,819,548
DAY 4-A,417,235,0,278,513,235
DAY 4-B,308,185,0,213,398,185
DAY 4-C,321,195,0,234,429,195
DAY 5-A,298,114,0,253,367,114
DAY 5-B,319,150,0,235,385,150
DAY 5-C,253,111,0,210,321,111
DAY 5-D,385,162,0,281,443,162
DAY 6-A,385,164,0,282,446,164
DAY 6-B,382,181,0,253,434,181
DAY 6-C,331,129,0,259,388,129
DAY 7-A,325,116,0,264,380,116
DAY 7-B,261,104,0,195,299,104
DAY 8-A,434,406,0,298,704,406
DAY 8-B,468,373,0,304,677,373
DAY 8-C,457,371,0,321,692,371
DAY 8-D,422,383,0,293,676,383
DAY 9-A,547,487,0,371,858,487
DAY 9-B,497,452,0,344,796,452
DAY 9-C,538,491,0,375,866,491
DAY 9-D,424,407,0,263,670,407
DAY 10-A,365,341,0,250,591,341
DAY 10-B,267,317,0,187,504,317
DAY 10-C,302,280,0,200,480,280
DAY 10-D,349,387,0,228,615,387
DAY 10-E,310,289,0,244,533,289
DAY 11-A,238,230,0,152,382,230
DAY 11-B,253,286,0,145,431,286
DAY 11-C,299,268,0,165,433,268
DAY 11-D,337,415,0,179,594,415
DAY 11-E,263,284,0,181,465,284
DAY 12-A,439,414,0,277,691,414
DAY 12-B,312,204,0,254,458,204
DAY 12-C,348,346,0,185,531,346
DAY 12-D,242,242,0,163,405,242
DAY 13-A,362,139,0,287,426,139
DAY 13-B,227,101,0,166,267,101
DAY 14-A,437,192,0,322,514,192
DAY 14-B,178,76,0,129,205,76
DAY 14-C,250,100,0,202,302,100
DAY 14-D,501,204,0,355,559,204
DAY 15-A,403,187,0,286,473,187
DAY 15-B,472,169,0,367,536,169
DAY 15-C,330,113,0,266,379,113
DAY 15-D,382,141,0,307,448,141
DAY 16-A,389,155,0,299,454,155
DAY 16-B,308,128,0,222,350,128
DAY 16-C,337,145,0,254,399,145
DAY 16-D,660,274,0,478,752,274
DAY 16-E,396,167,0,284,451,167
DAY 17-A,280,154,0,193,347,154
DAY 17-B,366,208,0,258,466,208
DAY 17-C,420,200,0,295,495,200
DAY 17-D,257,130,0,183,313,130
DAY 18-A,281,130,0,207,337,130
DAY 18-B,465,249,0,322,571,249
DAY 18-C,337,163,0,252,415,163
DAY 18-D,324,193,0,214,407,193
DAY 19-A,179,66,0,136,202,66
DAY 19-B,439,174,0,319,493,174
DAY 19-C,340,133,0,259,392,133
DAY 20-A,453,521,0,292,813,521
DAY 20-B,485,551,0,323,874,551
DAY 20-C,327,401,0,172,573,401
DAY 20-D,320,426,0,194,620,426
DAY 21-A,321,151,0,223,374,151
DAY 21-B,328,132,0,240,372,132
DAY 21-C,499,174,0,399,573,174
DAY 22-A,616,285,0,435,720,285
DAY 22-B,472,208,0,348,556,208
DAY 22-C,712,301,0,511,812,301
DAY 23-A,409,246,0,310,556,246
ENG-A,558,506,0,327,833,506
ENG-B,458,529,0,246,775,529
ENG-C,490,476,0,261,737,476
ENG-D,539,639,0,246,885,639
ENG-E,574,527,0,325,852,527
ENG-F,390,486,0,212,698,486
ENG-G,527,568,0,249,817,568
ENG-H,402,424,0,205,629,424
ENG-I,384,384,0,202,586,384
ENG-J,491,447,0,268,715,447
FARM,251,436,0,121,557,436
GERTWP-A,399,769,0,208,977,769
GERTWP-B,406,743,0,208,951,743
GTN-A,390,572,0,228,800,572
GTN-B,364,565,0,182,747,565
GTN-C,373,581,0,188,769,581
GTN-D,385,640,0,192,832,640
HARTWP-A,222,327,0,106,433,327
HARTWP-B,289,393,0,147,540,393
HARTWP-C,311,400,0,165,565,400
HARTWP-D,583,433,0,365,798,433
HARTWP-E,198,253,0,90,343,253
HARTWP-F,270,151,0,170,321,151
HARTWP-G,440,249,0,296,545,249
HARTWP-H,487,239,0,343,582,239
HARTWP-I,434,274,0,272,546,274
HARTWP-J,446,206,0,329,535,206
HARTWP-K,427,269,0,262,531,269
HARTWP-L,584,399,0,363,762,399
HARTWP-M,728,346,0,508,854,346
HARTWP-N,286,377,0,128,505,377
HARTWP-O,608,330,0,415,745,330
HUB 1-A,436,562,0,254,816,562
HUB 1-B,623,646,0,325,971,646
HUB 1-C,500,430,0,306,736,430
HUB 1-D,550,603,0,301,904,603
HUB 2-A,512,575,0,257,832,575
HUB 2-B,507,601,0,284,885,601
HUB 3-A,363,442,0,188,630,442
HUB 3-B,428,364,0,216,580,364
HUB 3-C,345,402,0,188,590,402
HUB 3-D,499,625,0,221,846,625
HUB 3-E,408,414,0,236,650,414
HUB 4-A,479,547,0,257,804,547
HUB 4-B,436,505,0,250,755,505
HUB 4-C,524,564,0,273,837,564
HUB 4-D,545,529,0,267,796,529
HUB 5-A,476,534,0,210,744,534
HUB 5-B,475,509,0,237,746,509
HUB 5-C,449,510,0,239,749,510
HUB 5-D,483,540,0,231,771,540
HUB 6-A,391,434,0,204,638,434
HUB 6-B,487,602,0,263,865,602
HUB 6-C,481,544,0,264,808,544
HUB 6-D,429,572,0,189,761,572
JAKTWP-A,400,745,0,214,959,745
JAKTWP-B,247,535,0,137,672,535
JEFTWP-A,566,535,0,404,939,535
JEFTWP-B,393,287,0,263,550,287
JEFTWP-C,360,456,0,238,694,456
JEFTWP-D,597,251,0,432,683,251
JNLB-A,209,362,0,117,479,362
JNLB-B,337,582,0,165,747,582
KT 1-A,437,406,0,251,657,406
KT 1-B,337,459,0,193,652,459
KT 1-C,485,576,0,298,874,576
KT 1-D,514,549,0,294,843,549
KT 1-E,393,440,0,242,682,440
KT 1-F,383,443,0,224,667,443
KT 1-G,386,453,0,256,709,453
KT 1-H,544,586,0,326,912,586
KT 1-I,474,539,0,244,783,539
KT 2-A,433,489,0,277,766,489
KT 2-B,444,492,0,247,739,492
KT 2-C,484,508,0,285,793,508
KT 2-D,540,544,0,329,873,544
KT 2-E,461,571,0,238,809,571
KT 2-F,390,453,0,211,664,453
KT 2-G,557,698,0,332,1030,698
KT 2-H,492,552,0,321,873,552
KT 2-I,381,450,0,210,660,450
KT 2-J,363,352,0,202,554,352
KT 3-A,509,516,0,312,828,516
KT 3-B,548,490,0,323,813,490
KT 3-C,442,552,0,240,792,552
KT 3-D,491,409,0,293,702,409
KT 3-E,497,534,0,312,846,534
KT 3-F,418,416,0,268,684,416
KT 3-G,419,466,0,213,679,466
KT 3-H,496,508,0,299,807,508
KT 3-I,371,465,0,223,688,465
KT 3-J,394,425,0,246,671,425
KT 3-K,571,650,0,296,946,650
KT 4-A,591,531,0,391,922,531
KT 4-B,645,495,0,444,939,495
KT 4-C,317,365,0,198,563,365
KT 4-D,492,507,0,307,814,507
KT 4-E,431,451,0,280,731,451
KT 4-F,471,452,0,318,770,452
KT 4-G,579,648,0,348,996,648
KT 4-H,421,460,0,219,679,460
KT 4-I,548,508,0,340,848,508
KT 4-J,495,463,0,303,766,463
KT 4-K,500,490,0,301,791,490
MBG 1-A,441,604,0,296,900,604
MBG 1-B,434,643,0,216,859,643
MBG 1-C,451,552,0,224,776,552
MBG 2-A,337,410,0,200,610,410
MBG 2-B,421,603,0,204,807,603
MBG 2-C,431,643,0,218,861,643
MBG 3-A,340,434,0,162,596,434
MBG 3-B,423,531,0,264,795,531
MBG 3-C,405,476,0,219,695,476
MBG 3-D,455,617,0,226,843,617
MBG 4-A,410,551,0,189,740,551
MBG 4-B,344,482,0,180,662,482
MBG 4-C,343,433,0,164,597,433
MBG 4-D,591,811,0,289,1100,811
MIATWP-A,449,543,0,273,816,543
MIATWP-B,402,444,0,274,718,444
MIATWP-C,349,637,0,204,841,637
MIATWP-D,411,449,0,260,709,449
MIATWP-E,500,682,0,289,971,682
MIATWP-F,479,494,0,261,755,494
MIATWP-G,372,468,0,212,680,468
MIATWP-H,424,467,0,236,703,467
MIATWP-I,261,255,0,174,429,255
MIATWP-J,278,533,0,164,697,533
MIATWP-K,503,647,0,292,939,647
MIATWP-L,322,392,0,224,616,392
MIATWP-M,420,469,0,232,701,469
MIATWP-N,454,523,0,278,801,523
MIATWP-O,398,505,0,245,750,505
MIATWP-P,350,335,0,189,524,335
MIATWP-Q,515,491,0,305,796,491
MIATWP-R,254,286,0,142,428,286
MIATWP-S,365,535,0,216,751,535
MIATWP-T,336,414,0,211,625,414
MIATWP-U,352,395,0,208,603,395
MIATWP-V,393,510,0,227,737,510
MOR 1-A,247,327,0,137,464,327
MOR 2-A,463,593,0,241,834,593
MOR 3-A,264,363,0,164,527,363
MOR 4-A,278,293,0,174,467,293
MOR 4-B,287,219,0,165,384,219
OAK-A,551,451,0,382,833,451
OAK-B,519,507,0,320,827,507
OAK-C,443,350,0,331,681,350
OAK-D,466,373,0,311,684,373
OAK-E,478,347,0,355,702,347
OAK-F,602,459,0,410,869,459
OAK-G,493,418,0,336,754,418
OAK-H,388,359,0,251,610,359
PERTWP-A,234,467,0,131,598,467
PERTWP-B,283,507,0,146,653,507
PERTWP-C,310,596,0,172,768,596
PHBG,125,189,0,48,237,189
PM,331,357,0,170,527,357
PNLB,250,416,0,115,531,416
RV-A,368,459,0,211,670,459
RV-B,280,398,0,162,560,398
RV-C,411,469,0,239,708,469
RV-D,347,516,0,212,728,516
RV-E,306,464,0,156,620,464
RV-F,364,382,0,219,601,382
RV-G,281,383,0,156,539,383
RV-H,211,255,0,107,362,255
RV-I,257,373,0,153,526,373
RV-J,289,380,0,132,512,380
RV-K,404,449,0,242,691,449
RV-L,207,314,0,107,421,314
RV-M,418,508,0,208,716,508
RV-N,299,359,0,163,522,359
RV-O,400,493,0,224,717,493
RV-P,461,528,0,229,757,528
TR 1-A,554,364,0,370,734,364
TR 1-B,299,200,0,206,406,200
TR 1-C,466,197,0,338,535,197
TR 1-D,381,180,0,260,440,180
TR 1-E,640,261,0,470,731,261
TR 2-A,522,250,0,362,612,250
TR 2-B,590,274,0,435,709,274
TR 2-C,444,182,0,337,519,182
TR 2-D,327,217,0,214,431,217
TR 2-E,446,184,0,322,506,184
TR 3-A,321,250,0,222,472,250
TR 3-B,356,409,0,201,610,409
TR 3-C,307,253,0,217,470,253
TR 3-D,557,283,0,400,683,283
TR 4-A,583,236,0,434,670,236
TR 4-B,477,222,0,341,563,222
TR 4-C,384,197,0,252,449,197
TR 4-D,398,206,0,264,470,206
UN-A,273,359,0,120,479,359
UN-B,404,509,0,208,717,509
UN-C,447,593,0,205,798,593
UN-D,502,634,0,210,844,634
UN-E,421,617,0,210,827,617
VD-A,390,508,0,208,716,508
VD-B,252,353,0,92,445,353
VD-C,433,642,0,196,838,642
VD-D,432,519,0,222,741,519
VD-E,280,418,0,132,550,418
VD-F,468,613,0,237,850,613
VD-G,346,465,0,198,663,465
VD-H,475,694,0,211,905,694
VD-I,379,559,0,195,754,559
VD-J,478,708,0,244,952,708
VD-K,500,655,0,223,878,655
WASTWP-A,397,516,0,262,778,516
WASTWP-B,600,745,0,341,1086,745
WASTWP-C,488,579,0,316,895,579
WASTWP-D,364,426,0,231,657,426
WASTWP-E,544,610,0,310,920,610
WASTWP-F,330,367,0,234,601,367
WASTWP-G,553,643,0,357,1000,643
WASTWP-H,428,525,0,284,809,525
WASTWP-I,430,415,0,258,673,415
WASTWP-J,525,537,0,331,868,537
WASTWP-K,443,532,0,287,819,532
WASTWP-L,417,423,0,305,728,423
WASTWP-M,485,638,0,299,937,638
WASTWP-N,545,516,0,328,844,516
WASTWP-O,482,578,0,303,881,578
WASTWP-P,567,679,0,311,990,679
WASTWP-Q,588,620,0,350,970,620
WASTWP-R,426,512,0,199,711,512
WASTWP-S,400,476,0,266,742,476
WASTWP-T,463,446,0,294,740,446
WASTWP-U,486,607,0,272,879,607
WASTWP-V,425,541,0,299,840,541
WASTWP-W,350,363,0,232,595,363
WASTWP-X,399,495,0,214,709,495
WASTWP-Y,665,714,0,394,1108,714
WASTWP-Z,423,500,0,260,760,500
WASTWP-AA,440,540,0,288,828,540
WASTWP-BB,361,403,0,221,624,403
WASTWP-CC,564,643,0,385,1028,643
WCR-A,376,477,0,226,703,477
WCR-B,385,497,0,239,736,497
WCR-C,376,551,0,203,754,551
WCR-D,385,519,0,217,736,519
WCR-E,332,297,0,183,480,297
WCR-F,338,365,0,206,571,365
WCR-G,442,486,0,269,755,486
WCR-H,364,508,0,209,717,508
WCR-I,372,295,0,224,519,295
