precinct_code,Gerald Parker,Total Votes Cast,Overvotes,Undervotes,Contest Total,Montgomery Mary
BRK-A,456,480,0,443,923,480
BRK-B,330,357,0,342,699,357
BRK-C,404,423,0,488,911,423
BRK-D,360,377,0,407,784,377
BTLTWP-A,394,416,0,413,829,416
BTLTWP-B,316,342,0,385,727,342
BTLTWP-C,457,507,0,418,925,507
BTLTWP-D,439,449,0,412,861,449
BTLTWP-E,316,324,0,273,597,324
BTLTWP-F,318,345,0,342,687,345
BTLTWP-G,263,280,0,241,521,280
CLATWP-A,262,288,0,309,597,288
CLATWP-B,263,274,0,346,620,274
CLATWP-C,381,419,0,512,931,419
CTN 1-A,269,292,0,316,608,292
CTN 1-B,378,404,0,289,693,404
CTN 1-C,466,495,0,446,941,495
CTN 1-D,341,356,0,243,599,356
CTN 2-A,309,331,0,324,655,331
CTN 2-B,478,498,0,360,858,498
CTN 2-C,488,526,0,371,897,526
CTN 3-A,444,466,0,397,863,466
CTN 3-B,418,453,0,375,828,453
CTN 3-C,388,424,0,314,738,424
CV-A,360,366,0,272,638,366
CV-B,435,451,0,430,881,451
CV-C,263,280,0,285,565,280
CV-D,324,331,0,318,649,331
CV-E,385,407,0,412,819,407
CV-F,453,471,0,465,936,471
CV-G,503,533,0,472,1005,533
CV-H,502,522,0,487,1009,522
CV-I,520,544,0,547,1091,544
CV-J,447,456,0,459,915,456
CV-K,447,471,0,472,943,471
CV-L,517,539,0,493,1032,539
CV-M,425,450,0,413,863,450
CV-N,399,424,0,358,782,424
CV-O,544,578,0,528,1106,578
CV-P,472,499,0,465,964,499
CV-Q,412,424,0,457,881,424
CV-R,428,453,0,428,881,453
DAY 1-A,97,103,0,110,213,103
DAY 1-B,391,401,0,338,739,401
DAY 1-C,287,294,0,228,522,294
DAY 1-D,150,159,0,174,333,159
DAY 1-E,318,328,0,313,641,328
DAY 2-A,198,215,0,228,443,215
DAY 2-B,251,276,0,235,511,276
DAY 2-C,242,263,0,276,539,263
DAY 2-D,172,187,0,203,390,187
DAY 3-A,102,122,0,149,271,122
DAY 3-B,157,173,0,215,388,173
DAY 3-C,478,502,0,399,901,502
DAY 3-D,224,245,0,254,499,245
DAY 3-E,148,163,0,114,277,163
DAY 3-F,345,375,0,354,729,375
DAY 3-G,216,243,0,241,484,243
DAY 3-H,207,221,0,278,499,221
DAY 3-I,427,431,0,415,846,431
DAY 3-J,327,354,0,365,719,354
DAY 3-K,452,468,0,426,894,468
DAY 3-L,398,418,0,401,819,418
DAY 4-A,278,293,0,220,513,293
DAY 4-B,204,227,0,171,398,227
DAY 4-C,211,219,0,210,429,219
DAY 5-A,183,205,0,162,367,205
DAY 5-B,202,220,0,165,385,220
DAY 5-C,145,169,0,152,321,169
DAY 5-D,234,252,0,191,443,252
DAY 6-A,227,267,0,179,446,267
DAY 6-B,238,261,0,173,434,261
DAY 6-C,202,210,0,178,388,210
DAY 7-A,175,212,0,168,380,212
DAY 7-B,186,188,0,111,299,188
DAY 8-A,328,353,0,351,704,353
DAY 8-B,335,353,0,324,677,353
DAY 8-C,315,343,0,349,692,343
DAY 8-D,322,352,0,324,676,352
DAY 9-A,431,476,0,382,858,476
DAY 9-B,380,405,0,391,796,405
DAY 9-C,392,421,0,445,866,421
DAY 9-D,290,328,0,342,670,328
DAY 10-A,271,284,0,307,591,284
DAY 10-B,216,239,0,265,504,239
DAY 10-C,227,251,0,229,480,251
DAY 10-D,283,304,0,311,615,304
DAY 10-E,225,238,0,295,533,238
DAY 11-A,176,184,0,198,382,184
DAY 11-B,210,224,0,207,431,224
DAY 11-C,237,243,0,190,433,243
DAY 11-D,280,306,0,288,594,306
DAY 11-E,213,230,0,235,465,230
DAY 12-A,345,364,0,327,691,364
DAY 12-B,205,223,0,235,458,223
DAY 12-C,278,298,0,233,531,298
DAY 12-D,179,206,0,199,405,206
DAY 13-A,226,249,0,177,426,249
DAY 13-B,134,164,0,103,267,164
DAY 14-A,295,313,0,201,514,313
DAY 14-B,110,124,0,81,205,124
DAY 14-C,149,162,0,140,302,162
DAY 14-D,305,354,0,205,559,354
DAY 15-A,242,267,0,206,473,267
DAY 15-B,282,306,0,230,536,306
DAY 15-C,184,216,0,163,379,216
DAY 15-D,222,257,0,191,448,257
DAY 16-A,239,266,0,188,454,266
DAY 16-B,188,212,0,138,350,212
DAY 16-C,217,246,0,153,399,246
DAY 16-D,416,465,0,287,752,465
DAY 16-E,253,272,0,179,451,272
DAY 17-A,175,206,0,141,347,206
DAY 17-B,216,249,0,217,466,249
DAY 17-C,276,302,0,193,495,302
DAY 17-D,157,177,0,136,313,177
DAY 18-A,190,202,0,135,337,202
DAY 18-B,338,339,0,232,571,339
DAY 18-C,210,233,0,182,415,233
DAY 18-D,220,251,0,156,407,251
DAY 19-A,104,119,0,83,202,119
DAY 19-B,240,280,0,213,493,280
DAY 19-C,215,238,0,154,392,238
DAY 20-A,359,386,0,427,813,386
DAY 20-B,386,424,0,450,874,424
DAY 20-C,270,287,0,286,573,287
DAY 20-D,278,314,0,306,620,314
DAY 21-A,204,233,0,141,374,233
DAY 21-B,207,227,0,145,372,227
DAY 21-C,296,332,0,241,573,332
DAY 22-A,407,428,0,292,720,428
DAY 22-B,327,336,0,220,556,336
DAY 22-C,468,512,0,300,812,512
DAY 23-A,264,275,0,281,556,275
ENG-A,443,467,0,366,833,467
ENG-B,383,409,0,366,775,409
ENG-C,394,417,0,320,737,417
ENG-D,477,507,0,378,885,507
ENG-E,443,492,0,360,852,492
ENG-F,338,356,0,342,698,356
ENG-G,431,457,0,360,817,457
ENG-H,331,348,0,281,629,348
ENG-I,298,328,0,258,586,328
ENG-J,376,402,0,313,715,402
FARM,254,262,0,295,557,262
GERTWP-A,391,411,0,566,977,411
GERTWP-B,418,434,0,517,951,434
GTN-A,352,379,0,421,800,379
GTN-B,354,375,0,372,747,375
GTN-C,366,382,0,387,769,382
GTN-D,369,396,0,436,832,396
HARTWP-A,191,210,0,223,433,210
HARTWP-B,254,272,0,268,540,272
HARTWP-C,252,267,0,298,565,267
HARTWP-D,438,468,0,330,798,468
HARTWP-E,156,168,0,175,343,168
HARTWP-F,195,203,0,118,321,203
HARTWP-G,281,312,0,233,545,312
HARTWP-H,295,332,0,250,582,332
HARTWP-I,283,329,0,217,546,329
HARTWP-J,265,293,0,242,535,293
HARTWP-K,296,311,0,220,531,311
HARTWP-L,433,460,0,302,762,460
HARTWP-M,483,508,0,346,854,508
HARTWP-N,243,272,0,233,505,272
HARTWP-O,407,447,0,298,745,447
HUB 1-A,374,409,0,407,816,409
HUB 1-B,512,537,0,434,971,537
HUB 1-C,360,398,0,338,736,398
HUB 1-D,445,464,0,440,904,464
HUB 2-A,420,438,0,394,832,438
HUB 2-B,426,456,0,429,885,456
HUB 3-A,317,336,0,294,630,336
HUB 3-B,308,310,0,270,580,310
HUB 3-C,275,299,0,291,590,299
HUB 3-D,424,444,0,402,846,444
HUB 3-E,323,335,0,315,650,335
HUB 4-A,377,408,0,396,804,408
HUB 4-B,372,393,0,362,755,393
HUB 4-C,430,444,0,393,837,444
HUB 4-D,413,438,0,358,796,438
HUB 5-A,400,413,0,331,744,413
HUB 5-B,387,398,0,348,746,398
HUB 5-C,360,390,0,359,749,390
HUB 5-D,389,413,0,358,771,413
HUB 6-A,323,343,0,295,638,343
HUB 6-B,443,457,0,408,865,457
HUB 6-C,416,435,0,373,808,435
HUB 6-D,367,395,0,366,761,395
JAKTWP-A,375,409,0,550,959,409
JAKTWP-B,275,296,0,376,672,296
JEFTWP-A,427,481,0,458,939,481
JEFTWP-B,279,314,0,236,550,314
JEFTWP-C,310,334,0,360,694,334
JEFTWP-D,376,414,0,269,683,414
JNLB-A,204,217,0,262,479,217
JNLB-B,315,346,0,401,747,346
KT 1-A,334,350,0,307,657,350
KT 1-B,291,314,0,338,652,314
KT 1-C,405,421,0,453,874,421
KT 1-D,443,459,0,384,843,459
KT 1-E,336,351,0,331,682,351
KT 1-F,324,350,0,317,667,350
KT 1-G,310,331,0,378,709,331
KT 1-H,449,463,0,449,912,463
KT 1-I,391,413,0,370,783,413
KT 2-A,355,385,0,381,766,385
KT 2-B,382,397,0,342,739,397
KT 2-C,392,415,0,378,793,415
KT 2-D,452,476,0,397,873,476
KT 2-E,424,438,0,371,809,438
KT 2-F,355,367,0,297,664,367
KT 2-G,481,500,0,530,1030,500
KT 2-H,409,428,0,445,873,428
KT 2-I,327,346,0,314,660,346
KT 2-J,293,313,0,241,554,313
KT 3-A,412,439,0,389,828,439
KT 3-B,432,452,0,361,813,452
KT 3-C,388,420,0,372,792,420
KT 3-D,355,385,0,317,702,385
KT 3-E,407,430,0,416,846,430
KT 3-F,331,351,0,333,684,351
KT 3-G,386,392,0,287,679,392
KT 3-H,423,442,0,365,807,442
KT 3-I,334,358,0,330,688,358
KT 3-J,362,375,0,296,671,375
KT 3-K,458,487,0,459,946,487
KT 4-A,478,503,0,419,922,503
KT 4-B,479,505,0,434,939,505
KT 4-C,265,282,0,281,563,282
KT 4-D,422,439,0,375,814,439
KT 4-E,323,339,0,392,731,339
KT 4-F,386,425,0,345,770,425
KT 4-G,500,530,0,466,996,530
KT 4-H,343,358,0,321,679,358
KT 4-I,432,459,0,389,848,459
KT 4-J,393,412,0,354,766,412
KT 4-K,406,421,0,370,791,421
MBG 1-A,394,407,0,493,900,407
MBG 1-B,402,424,0,435,859,424
MBG 1-C,407,418,0,358,776,418
MBG 2-A,275,294,0,316,610,294
MBG 2-B,380,405,0,402,807,405
MBG 2-C,402,414,0,447,861,414
MBG 3-A,305,323,0,273,596,323
MBG 3-B,360,372,0,423,795,372
MBG 3-C,341,361,0,334,695,361
MBG 3-D,416,431,0,412,843,431
MBG 4-A,356,371,0,369,740,371
MBG 4-B,323,340,0,322,662,340
MBG 4-C,310,313,0,284,597,313
MBG 4-D,533,565,0,535,1100,565
MIATWP-A,385,402,0,414,816,402
MIATWP-B,334,350,0,368,718,350
MIATWP-C,363,400,0,441,841,400
MIATWP-D,311,323,0,386,709,323
MIATWP-E,459,496,0,475,971,496
MIATWP-F,404,420,0,335,755,420
MIATWP-G,317,344,0,336,680,344
MIATWP-H,344,374,0,329,703,374
MIATWP-I,209,226,0,203,429,226
MIATWP-J,274,294,0,403,697,294
MIATWP-K,440,476,0,463,939,476
MIATWP-L,278,293,0,323,616,293
MIATWP-M,364,388,0,313,701,388
MIATWP-N,391,428,0,373,801,428
MIATWP-O,372,392,0,358,750,392
MIATWP-P,273,285,0,239,524,285
MIATWP-Q,426,446,0,350,796,446
MIATWP-R,213,230,0,198,428,230
MIATWP-S,345,363,0,388,751,363
MIATWP-T,305,300,0,325,625,300
MIATWP-U,297,328,0,275,603,328
MIATWP-V,339,352,0,385,737,352
MOR 1-A,202,217,0,247,464,217
MOR 2-A,412,432,0,402,834,432
MOR 3-A,227,254,0,273,527,254
MOR 4-A,229,243,0,224,467,243
MOR 4-B,195,226,0,158,384,226
OAK-A,449,509,0,324,833,509
OAK-B,437,490,0,337,827,490
OAK-C,333,365,0,316,681,365
OAK-D,359,371,0,313,684,371
OAK-E,356,376,0,326,702,376
OAK-F,477,528,0,341,869,528
OAK-G,396,429,0,325,754,429
OAK-H,303,342,0,268,610,342
PERTWP-A,238,254,0,344,598,254
PERTWP-B,285,302,0,351,653,302
PERTWP-C,304,335,0,433,768,335
PHBG,123,132,0,105,237,132
PM,275,281,0,246,527,281
PNLB,246,271,0,260,531,271
RV-A,334,344,0,326,670,344
RV-B,235,259,0,301,560,259
RV-C,349,350,0,358,708,350
RV-D,313,330,0,398,728,330
RV-E,279,297,0,323,620,297
RV-F,290,318,0,283,601,318
RV-G,249,272,0,267,539,272
RV-H,176,190,0,172,362,190
RV-I,241,265,0,261,526,265
RV-J,259,281,0,231,512,281
RV-K,343,361,0,330,691,361
RV-L,192,207,0,214,421,207
RV-M,375,403,0,313,716,403
RV-N,243,263,0,259,522,263
RV-O,343,367,0,350,717,367
RV-P,398,422,0,335,757,422
TR 1-A,406,425,0,309,734,425
TR 1-B,214,235,0,171,406,235
TR 1-C,307,315,0,220,535,315
TR 1-D,259,285,0,155,440,285
TR 1-E,417,451,0,280,731,451
TR 2-A,348,375,0,237,612,375
TR 2-B,384,411,0,298,709,411
TR 2-C,276,325,0,194,519,325
TR 2-D,227,248,0,183,431,248
TR 2-E,295,318,0,188,506,318
TR 3-A,240,265,0,207,472,265
TR 3-B,285,309,0,301,610,309
TR 3-C,242,256,0,214,470,256
TR 3-D,341,371,0,312,683,371
TR 4-A,384,417,0,253,670,417
TR 4-B,267,329,0,234,563,329
TR 4-C,249,284,0,165,449,284
TR 4-D,262,284,0,186,470,284
UN-A,240,255,0,224,479,255
UN-B,344,373,0,344,717,373
UN-C,382,396,0,402,798,396
UN-D,459,478,0,366,844,478
UN-E,372,401,0,426,827,401
VD-A,338,358,0,358,716,358
VD-B,236,253,0,192,445,253
VD-C,417,438,0,400,838,438
VD-D,378,397,0,344,741,397
VD-E,264,283,0,267,550,283
VD-F,432,457,0,393,850,457
VD-G,293,314,0,349,663,314
VD-H,456,472,0,433,905,472
VD-I,346,374,0,380,754,374
VD-J,444,466,0,486,952,466
VD-K,462,482,0,396,878,482
WASTWP-A,367,386,0,392,778,386
WASTWP-B,566,565,0,521,1086,565
WASTWP-C,417,440,0,455,895,440
WASTWP-D,331,335,0,322,657,335
WASTWP-E,466,476,0,444,920,476
WASTWP-F,310,322,0,279,601,322
WASTWP-G,485,503,0,497,1000,503
WASTWP-H,411,404,0,405,809,404
WASTWP-I,333,360,0,313,673,360
WASTWP-J,436,456,0,412,868,456
WASTWP-K,391,396,0,423,819,396
WASTWP-L,340,347,0,381,728,347
WASTWP-M,437,456,0,481,937,456
WASTWP-N,435,457,0,387,844,457
WASTWP-O,438,442,0,439,881,442
WASTWP-P,527,517,0,473,990,517
WASTWP-Q,473,497,0,473,970,497
WASTWP-R,387,394,0,317,711,394
WASTWP-S,325,350,0,392,742,350
WASTWP-T,368,388,0,352,740,388
WASTWP-U,437,442,0,437,879,442
WASTWP-V,394,413,0,427,840,413
WASTWP-W,297,303,0,292,595,303
WASTWP-X,363,379,0,330,709,379
WASTWP-Y,590,587,0,521,1108,587
WASTWP-Z,389,403,0,357,760,403
WASTWP-AA,402,409,0,419,828,409
WASTWP-BB,306,324,0,300,624,324
WASTWP-CC,449,488,0,540,1028,488
WCR-A,324,343,0,360,703,343
WCR-B,349,373,0,363,736,373
WCR-C,343,366,0,388,754,366
WCR-D,333,355,0,381,736,355
WCR-E,245,252,0,228,480,252
WCR-F,286,296,0,275,571,296
WCR-G,366,396,0,359,755,396
WCR-H,320,353,0,364,717,353
WCR-I,276,290,0,229,519,290
