Precinct,Yes,No,Total Votes Cast,Overvotes,Undervotes,Contest Total
BRK-A,258,332,590,0,8,598
BRK-B,175,285,460,0,4,464
BRK-C,259,352,611,0,8,619
BRK-D,198,327,525,0,3,528
BTLTWP-A,257,314,571,0,3,574
BTLTWP-B,254,287,541,0,6,547
BTLTWP-C,321,343,664,0,6,670
BTLTWP-D,334,286,620,0,6,626
BTLTWP-E,202,256,458,0,6,464
BTLTWP-F,232,294,526,0,3,529
BTLTWP-G,174,147,321,0,1,322
CLATWP-A,143,284,427,0,7,434
CLATWP-B,146,295,441,0,2,443
CLATWP-C,210,433,643,0,3,646
CTN 1-A,183,306,489,0,8,497
CTN 1-B,307,203,510,0,4,514
CTN 1-C,331,316,647,0,5,652
CTN 1-D,280,141,421,0,0,421
CTN 2-A,277,184,461,0,1,462
CTN 2-B,371,230,601,0,7,608
CTN 2-C,425,233,658,0,5,663
CTN 3-A,417,237,654,0,4,658
CTN 3-B,366,212,578,0,5,583
CTN 3-C,325,165,490,0,2,492
CV-A,262,102,364,0,0,364
CV-B,379,266,645,0,4,649
CV-C,231,183,414,0,1,415
CV-D,221,164,385,0,0,385
CV-E,293,299,592,0,6,598
CV-F,361,336,697,0,5,702
CV-G,414,310,724,0,3,727
CV-H,353,411,764,0,9,773
CV-I,347,443,790,0,11,801
CV-J,342,336,678,0,8,686
CV-K,368,344,712,0,3,715
CV-L,422,340,762,0,4,766
CV-M,341,301,642,0,4,646
CV-N,305,240,545,0,5,550
CV-O,454,350,804,0,5,809
CV-P,374,298,672,0,7,679
CV-Q,341,245,586,0,3,589
CV-R,363,217,580,0,5,585
DAY 1-A,89,52,141,0,1,142
DAY 1-B,421,76,497,0,1,498
DAY 1-C,266,52,318,0,2,320
DAY 1-D,200,32,232,0,1,233
DAY 1-E,434,63,497,0,1,498
DAY 2-A,161,77,238,0,2,240
DAY 2-B,276,84,360,0,3,363
DAY 2-C,203,101,304,0,2,306
DAY 2-D,139,41,180,0,0,180
DAY 3-A,81,59,140,0,4,144
DAY 3-B,113,97,210,0,0,210
DAY 3-C,312,268,580,0,3,583
DAY 3-D,182,107,289,0,1,290
DAY 3-E,106,57,163,0,0,163
DAY 3-F,323,176,499,0,2,501
DAY 3-G,145,102,247,0,0,247
DAY 3-H,136,120,256,0,2,258
DAY 3-I,343,198,541,0,2,543
DAY 3-J,242,164,406,0,3,409
DAY 3-K,361,229,590,0,4,594
DAY 3-L,303,253,556,0,1,557
DAY 4-A,241,75,316,0,2,318
DAY 4-B,178,58,236,0,0,236
DAY 4-C,221,59,280,0,1,281
DAY 5-A,186,24,210,0,4,214
DAY 5-B,194,50,244,0,0,244
DAY 5-C,143,29,172,0,2,174
DAY 5-D,207,24,231,0,0,231
DAY 6-A,233,32,265,0,1,266
DAY 6-B,208,31,239,0,1,240
DAY 6-C,180,19,199,0,5,204
DAY 7-A,184,21,205,0,0,205
DAY 7-B,189,19,208,0,0,208
DAY 8-A,304,127,431,0,4,435
DAY 8-B,332,105,437,0,5,442
DAY 8-C,325,122,447,0,2,449
DAY 8-D,294,114,408,0,2,410
DAY 9-A,418,208,626,0,1,627
DAY 9-B,364,165,529,0,1,530
DAY 9-C,411,202,613,0,5,618
DAY 9-D,246,150,396,0,2,398
DAY 10-A,286,124,410,0,1,411
DAY 10-B,200,136,336,0,2,338
DAY 10-C,236,87,323,0,1,324
DAY 10-D,232,143,375,0,2,377
DAY 10-E,227,112,339,0,1,340
DAY 11-A,176,81,257,0,2,259
DAY 11-B,140,70,210,0,5,215
DAY 11-C,175,62,237,0,4,241
DAY 11-D,200,164,364,0,3,367
DAY 11-E,191,105,296,0,2,298
DAY 12-A,287,126,413,0,2,415
DAY 12-B,287,47,334,0,1,335
DAY 12-C,201,111,312,0,0,312
DAY 12-D,137,62,199,0,3,202
DAY 13-A,195,33,228,0,1,229
DAY 13-B,87,14,101,0,4,105
DAY 14-A,247,36,283,0,7,290
DAY 14-B,92,16,108,0,1,109
DAY 14-C,158,21,179,0,3,182
DAY 14-D,270,35,305,0,2,307
DAY 15-A,226,33,259,0,4,263
DAY 15-B,262,29,291,0,3,294
DAY 15-C,177,27,204,0,1,205
DAY 15-D,186,37,223,0,3,226
DAY 16-A,231,47,278,0,1,279
DAY 16-B,162,16,178,0,1,179
DAY 16-C,172,26,198,0,2,200
DAY 16-D,389,57,446,0,4,450
DAY 16-E,232,30,262,0,1,263
DAY 17-A,160,39,199,0,0,199
DAY 17-B,200,53,253,0,0,253
DAY 17-C,233,45,278,0,4,282
DAY 17-D,149,34,183,0,0,183
DAY 18-A,172,30,202,0,0,202
DAY 18-B,294,67,361,0,1,362
DAY 18-C,180,27,207,0,2,209
DAY 18-D,161,41,202,0,0,202
DAY 19-A,90,7,97,0,0,97
DAY 19-B,226,25,251,0,3,254
DAY 19-C,211,12,223,0,2,225
DAY 20-A,327,223,550,0,3,553
DAY 20-B,373,187,560,0,4,564
DAY 20-C,214,164,378,0,2,380
DAY 20-D,238,146,384,0,1,385
DAY 21-A,178,14,192,0,0,192
DAY 21-B,172,17,189,0,0,189
DAY 21-C,275,18,293,0,4,297
DAY 22-A,385,57,442,0,6,448
DAY 22-B,312,60,372,0,1,373
DAY 22-C,418,48,466,0,5,471
DAY 23-A,326,66,392,0,2,394
ENG-A,375,236,611,0,4,615
ENG-B,307,228,535,0,9,544
ENG-C,278,173,451,0,1,452
ENG-D,324,292,616,0,8,624
ENG-E,367,232,599,0,6,605
ENG-F,264,258,522,0,2,524
ENG-G,305,284,589,0,2,591
ENG-H,238,213,451,0,5,456
ENG-I,230,176,406,0,2,408
ENG-J,300,180,480,0,5,485
FARM,153,252,405,0,1,406
GERTWP-A,211,432,643,0,4,647
GERTWP-B,214,443,657,0,4,661
GTN-A,272,314,586,0,6,592
GTN-B,194,245,439,0,5,444
GTN-C,210,366,576,0,4,580
GTN-D,222,285,507,0,4,511
HARTWP-A,129,94,223,0,3,226
HARTWP-B,169,126,295,0,2,297
HARTWP-C,177,111,288,0,1,289
HARTWP-D,379,154,533,0,5,538
HARTWP-E,89,100,189,0,0,189
HARTWP-F,176,27,203,0,1,204
HARTWP-G,261,63,324,0,3,327
HARTWP-H,232,77,309,0,0,309
HARTWP-I,206,67,273,0,1,274
HARTWP-J,273,67,340,0,0,340
HARTWP-K,229,56,285,0,1,286
HARTWP-L,384,162,546,0,2,548
HARTWP-M,425,102,527,0,4,531
HARTWP-N,152,140,292,0,3,295
HARTWP-O,344,124,468,0,5,473
HUB 1-A,259,226,485,0,1,486
HUB 1-B,390,302,692,0,5,697
HUB 1-C,247,152,399,0,6,405
HUB 1-D,307,285,592,0,2,594
HUB 2-A,302,251,553,0,2,555
HUB 2-B,341,259,600,0,6,606
HUB 3-A,219,184,403,0,4,407
HUB 3-B,206,90,296,0,2,298
HUB 3-C,202,177,379,0,2,381
HUB 3-D,273,256,529,0,3,532
HUB 3-E,226,164,390,0,3,393
HUB 4-A,275,223,498,0,2,500
HUB 4-B,269,230,499,0,1,500
HUB 4-C,298,183,481,0,4,485
HUB 4-D,299,188,487,0,4,491
HUB 5-A,256,178,434,0,4,438
HUB 5-B,259,173,432,0,2,434
HUB 5-C,277,199,476,0,3,479
HUB 5-D,275,161,436,0,4,440
HUB 6-A,246,176,422,0,2,424
HUB 6-B,331,283,614,0,3,617
HUB 6-C,308,245,553,0,4,557
HUB 6-D,236,244,480,0,3,483
JAKTWP-A,234,429,663,0,10,673
JAKTWP-B,143,325,468,0,11,479
JEFTWP-A,350,235,585,0,4,589
JEFTWP-B,204,68,272,0,8,280
JEFTWP-C,224,212,436,0,4,440
JEFTWP-D,372,49,421,0,4,425
JNLB-A,119,194,313,0,8,321
JNLB-B,182,280,462,0,6,468
KT 1-A,301,133,434,0,0,434
KT 1-B,205,197,402,0,2,404
KT 1-C,330,247,577,0,2,579
KT 1-D,322,209,531,0,2,533
KT 1-E,262,169,431,0,7,438
KT 1-F,275,166,441,0,0,441
KT 1-G,300,181,481,0,1,482
KT 1-H,367,233,600,0,3,603
KT 1-I,288,189,477,0,5,482
KT 2-A,340,184,524,0,2,526
KT 2-B,293,241,534,0,3,537
KT 2-C,310,238,548,0,1,549
KT 2-D,329,215,544,0,2,546
KT 2-E,325,263,588,0,2,590
KT 2-F,248,183,431,0,0,431
KT 2-G,413,321,734,0,5,739
KT 2-H,350,254,604,0,2,606
KT 2-I,271,186,457,0,2,459
KT 2-J,239,104,343,0,2,345
KT 3-A,345,231,576,0,6,582
KT 3-B,377,215,592,0,1,593
KT 3-C,288,318,606,0,3,609
KT 3-D,332,120,452,0,2,454
KT 3-E,324,254,578,0,2,580
KT 3-F,294,161,455,0,2,457
KT 3-G,288,200,488,0,1,489
KT 3-H,354,199,553,0,1,554
KT 3-I,311,236,547,0,0,547
KT 3-J,311,224,535,0,2,537
KT 3-K,364,314,678,0,2,680
KT 4-A,480,236,716,0,4,720
KT 4-B,503,172,675,0,5,680
KT 4-C,248,168,416,0,3,419
KT 4-D,359,220,579,0,2,581
KT 4-E,326,213,539,0,3,542
KT 4-F,367,233,600,0,2,602
KT 4-G,466,339,805,0,1,806
KT 4-H,256,153,409,0,2,411
KT 4-I,383,226,609,0,5,614
KT 4-J,340,173,513,0,7,520
KT 4-K,403,186,589,0,6,595
MBG 1-A,311,323,634,0,5,639
MBG 1-B,249,284,533,0,6,539
MBG 1-C,300,240,540,0,6,546
MBG 2-A,216,171,387,0,5,392
MBG 2-B,239,224,463,0,4,467
MBG 2-C,285,277,562,0,4,566
MBG 3-A,179,192,371,0,5,376
MBG 3-B,299,269,568,0,6,574
MBG 3-C,188,211,399,0,3,402
MBG 3-D,279,289,568,0,3,571
MBG 4-A,227,277,504,0,4,508
MBG 4-B,218,255,473,0,3,476
MBG 4-C,199,212,411,0,1,412
MBG 4-D,334,413,747,0,4,751
MIATWP-A,254,242,496,0,2,498
MIATWP-B,232,166,398,0,1,399
MIATWP-C,181,286,467,0,2,469
MIATWP-D,229,170,399,0,2,401
MIATWP-E,344,390,734,0,3,737
MIATWP-F,292,163,455,0,2,457
MIATWP-G,235,160,395,0,4,399
MIATWP-H,250,162,412,0,2,414
MIATWP-I,164,90,254,0,2,256
MIATWP-J,152,255,407,0,0,407
MIATWP-K,328,291,619,0,2,621
MIATWP-L,216,196,412,0,1,413
MIATWP-M,229,207,436,0,2,438
MIATWP-N,281,257,538,0,2,540
MIATWP-O,279,258,537,0,3,540
MIATWP-P,190,79,269,0,0,269
MIATWP-Q,318,146,464,0,4,468
MIATWP-R,149,99,248,0,3,251
MIATWP-S,204,263,467,0,3,470
MIATWP-T,227,159,386,0,2,388
MIATWP-U,219,141,360,0,3,363
MIATWP-V,218,155,373,0,2,375
MOR 1-A,122,118,240,0,3,243
MOR 2-A,267,243,510,0,7,517
MOR 3-A,153,144,297,0,2,299
MOR 4-A,166,95,261,0,2,263
MOR 4-B,146,51,197,0,2,199
OAK-A,467,173,640,0,3,643
OAK-B,430,215,645,0,3,648
OAK-C,388,131,519,0,3,522
OAK-D,391,148,539,0,7,546
OAK-E,438,149,587,0,2,589
OAK-F,487,190,677,0,8,685
OAK-G,403,158,561,0,2,563
OAK-H,293,148,441,0,5,446
PERTWP-A,110,283,393,0,3,396
PERTWP-B,161,300,461,0,2,463
PERTWP-C,178,317,495,0,4,499
PHBG,81,97,178,0,0,178
PM,120,81,201,0,0,201
PNLB,127,182,309,0,5,314
RV-A,220,263,483,0,2,485
RV-B,126,162,288,0,3,291
RV-C,235,154,389,0,4,393
RV-D,217,241,458,0,4,462
RV-E,156,163,319,0,5,324
RV-F,202,167,369,0,4,373
RV-G,178,166,344,0,2,346
RV-H,111,62,173,0,1,174
RV-I,152,146,298,0,1,299
RV-J,167,166,333,0,1,334
RV-K,249,237,486,0,1,487
RV-L,105,120,225,0,2,227
RV-M,212,195,407,0,2,409
RV-N,139,117,256,0,1,257
RV-O,213,214,427,0,0,427
RV-P,278,192,470,0,2,472
TR 1-A,350,135,485,0,5,490
TR 1-B,211,74,285,0,5,290
TR 1-C,309,64,373,0,6,379
TR 1-D,224,41,265,0,5,270
TR 1-E,425,64,489,0,4,493
TR 2-A,315,50,365,0,2,367
TR 2-B,356,48,404,0,5,409
TR 2-C,237,50,287,0,1,288
TR 2-D,199,96,295,0,2,297
TR 2-E,290,42,332,0,1,333
TR 3-A,211,78,289,0,4,293
TR 3-B,176,198,374,0,2,376
TR 3-C,166,86,252,0,4,256
TR 3-D,333,91,424,0,9,433
TR 4-A,374,64,438,0,6,444
TR 4-B,255,42,297,0,4,301
TR 4-C,181,36,217,0,2,219
TR 4-D,258,56,314,0,2,316
UN-A,157,144,301,0,4,305
UN-B,246,251,497,0,5,502
UN-C,232,285,517,0,3,520
UN-D,270,316,586,0,4,590
UN-E,258,293,551,0,2,553
VD-A,224,218,442,0,2,444
VD-B,148,143,291,0,4,295
VD-C,277,275,552,0,2,554
VD-D,236,262,498,0,2,500
VD-E,171,201,372,0,3,375
VD-F,312,332,644,0,4,648
VD-G,215,287,502,0,3,505
VD-H,276,389,665,0,2,667
VD-I,250,272,522,0,4,526
VD-J,295,358,653,0,7,660
VD-K,319,268,587,0,2,589
WASTWP-A,286,308,594,0,3,597
WASTWP-B,406,333,739,0,4,743
WASTWP-C,358,319,677,0,8,685
WASTWP-D,271,233,504,0,4,508
WASTWP-E,402,323,725,0,0,725
WASTWP-F,221,211,432,0,6,438
WASTWP-G,426,324,750,0,3,753
WASTWP-H,298,329,627,0,7,634
WASTWP-I,306,140,446,0,3,449
WASTWP-J,328,239,567,0,7,574
WASTWP-K,288,276,564,0,4,568
WASTWP-L,300,195,495,0,4,499
WASTWP-M,319,368,687,0,3,690
WASTWP-N,379,185,564,0,4,568
WASTWP-O,320,237,557,0,2,559
WASTWP-P,389,265,654,0,0,654
WASTWP-Q,374,264,638,0,0,638
WASTWP-R,287,210,497,0,3,500
WASTWP-S,272,256,528,0,3,531
WASTWP-T,334,204,538,0,0,538
WASTWP-U,346,320,666,0,1,667
WASTWP-V,318,294,612,0,5,617
WASTWP-W,237,152,389,0,1,390
WASTWP-X,269,253,522,0,4,526
WASTWP-Y,419,272,691,0,2,693
WASTWP-Z,338,256,594,0,4,598
WASTWP-AA,319,301,620,0,2,622
WASTWP-BB,259,154,413,0,3,416
WASTWP-CC,408,347,755,0,6,761
WCR-A,251,172,423,0,4,427
WCR-B,253,220,473,0,3,476
WCR-C,237,239,476,0,1,477
WCR-D,255,249,504,0,5,509
WCR-E,197,72,269,0,2,271
WCR-F,193,129,322,0,1,323
WCR-G,286,185,471,0,2,473
WCR-H,208,204,412,0,4,416
WCR-I,190,54,244,0,2,246
